,Buy and Hold,Strategy,Longs,Sells,Shorts,Covers,Stdev_Strategy,Stdev_Hold,Stock
0,127.17,0.0,0,0,0,0,0.0,1797.5557137089952,AAPL_1-1
1,127.17,70.72,11,11,0,0,1174.7290425964095,1797.5557137089952,AAPL_1-51
2,127.17,114.47,2,1,0,0,1748.0473693366537,1797.5557137089952,AAPL_1-101
3,127.17,126.12,1,0,0,0,1789.2264913890551,1797.5557137089952,AAPL_1-151
4,127.17,126.12,1,0,0,0,1789.2264913890551,1797.5557137089952,AAPL_1-251
5,127.17,0.0,0,0,0,0,0.0,1797.5557137089952,AAPL_51-51
6,127.17,27.79,12,11,0,0,377.5689921874399,1797.5557137089952,AAPL_51-1
7,127.17,126.12,1,0,0,0,1789.2264913890551,1797.5557137089952,AAPL_51-201
8,127.17,126.12,1,0,0,0,1789.2264913890551,1797.5557137089952,AAPL_51-251
9,127.17,126.12,1,0,0,0,1789.2264913890551,1797.5557137089952,AAPL_1-201
10,127.17,5.67,2,2,0,0,56.34697621550728,1797.5557137089952,AAPL_101-1
11,127.17,126.12,1,0,0,0,1789.2264913890551,1797.5557137089952,AAPL_51-151
12,127.17,0.62,1,1,0,0,0.5358356677340113,1797.5557137089952,AAPL_101-51
13,127.17,126.12,1,0,0,0,1789.2264913890551,1797.5557137089952,AAPL_51-101
14,127.17,0.0,0,0,0,0,0.0,1797.5557137089952,AAPL_101-101
15,127.17,0.62,1,1,0,0,0.5358356677340113,1797.5557137089952,AAPL_151-51
16,127.17,126.12,1,0,0,0,1789.2264913890551,1797.5557137089952,AAPL_101-151
17,127.17,0.62,1,1,0,0,0.5358356677340113,1797.5557137089952,AAPL_151-1
18,127.17,0.0,0,0,0,0,0.0,1797.5557137089952,AAPL_151-151
19,127.17,126.12,1,0,0,0,1789.2264913890551,1797.5557137089952,AAPL_151-251
20,127.17,126.12,1,0,0,0,1789.2264913890551,1797.5557137089952,AAPL_101-201
21,127.17,0.62,1,1,0,0,0.5358356677340113,1797.5557137089952,AAPL_201-51
22,127.17,126.12,1,0,0,0,1789.2264913890551,1797.5557137089952,AAPL_101-251
23,127.17,0.62,1,1,0,0,0.5358356677340113,1797.5557137089952,AAPL_201-101
24,127.17,0.0,0,0,0,0,0.0,1797.5557137089952,AAPL_201-201
25,127.17,126.12,1,0,0,0,1789.2264913890551,1797.5557137089952,AAPL_151-201
26,127.17,0.62,1,1,0,0,0.5358356677340113,1797.5557137089952,AAPL_151-101
27,127.17,0.62,1,1,0,0,0.5358356677340113,1797.5557137089952,AAPL_201-1
28,127.17,0.62,1,1,0,0,0.5358356677340113,1797.5557137089952,AAPL_201-151
29,127.17,126.12,1,0,0,0,1789.2264913890551,1797.5557137089952,AAPL_201-251
30,127.17,0.62,1,1,0,0,0.5358356677340113,1797.5557137089952,AAPL_251-51
31,127.17,0.0,0,0,0,0,0.0,1797.5557137089952,AAPL_251-251
32,127.17,0.62,1,1,0,0,0.5358356677340113,1797.5557137089952,AAPL_251-1
33,127.17,0.62,1,1,0,0,0.5358356677340113,1797.5557137089952,AAPL_251-201
34,127.17,0.62,1,1,0,0,0.5358356677340113,1797.5557137089952,AAPL_251-101
35,127.17,0.62,1,1,0,0,0.5358356677340113,1797.5557137089952,AAPL_301-101
36,127.17,0.62,1,1,0,0,0.5358356677340113,1797.5557137089952,AAPL_251-151
37,127.17,0.62,1,1,0,0,0.5358356677340113,1797.5557137089952,AAPL_301-201
38,127.17,0.62,1,1,0,0,0.5358356677340113,1797.5557137089952,AAPL_301-51
39,127.17,0.62,1,1,0,0,0.5358356677340113,1797.5557137089952,AAPL_301-1
40,127.17,0.62,1,1,0,0,0.5358356677340113,1797.5557137089952,AAPL_351-101
41,127.17,0.62,1,1,0,0,0.5358356677340113,1797.5557137089952,AAPL_351-51
42,127.17,0.62,1,1,0,0,0.5358356677340113,1797.5557137089952,AAPL_351-1
43,127.17,0.62,1,1,0,0,0.5358356677340113,1797.5557137089952,AAPL_301-151
44,127.17,0.62,1,1,0,0,0.5358356677340113,1797.5557137089952,AAPL_301-251
45,127.17,0.62,1,1,0,0,0.5358356677340113,1797.5557137089952,AAPL_351-201
46,127.17,0.62,1,1,0,0,0.5358356677340113,1797.5557137089952,AAPL_401-1
47,127.17,0.62,1,1,0,0,0.5358356677340113,1797.5557137089952,AAPL_351-251
48,127.17,0.62,1,1,0,0,0.5358356677340113,1797.5557137089952,AAPL_401-151
49,127.17,0.62,1,1,0,0,0.5358356677340113,1797.5557137089952,AAPL_401-101
50,127.17,0.62,1,1,0,0,0.5358356677340113,1797.5557137089952,AAPL_401-51
51,127.17,0.62,1,1,0,0,0.5358356677340113,1797.5557137089952,AAPL_401-201
52,127.17,0.62,1,1,0,0,0.5358356677340113,1797.5557137089952,AAPL_351-151
53,127.17,0.62,1,1,0,0,0.5358356677340113,1797.5557137089952,AAPL_451-51
54,127.17,0.62,1,1,0,0,0.5358356677340113,1797.5557137089952,AAPL_401-251
55,127.17,0.62,1,1,0,0,0.5358356677340113,1797.5557137089952,AAPL_451-201
56,127.17,0.62,1,1,0,0,0.5358356677340113,1797.5557137089952,AAPL_451-1
57,127.17,0.62,1,1,0,0,0.5358356677340113,1797.5557137089952,AAPL_451-101
58,127.17,0.62,1,1,0,0,0.5358356677340113,1797.5557137089952,AAPL_451-151
59,127.17,0.62,1,1,0,0,0.5358356677340113,1797.5557137089952,AAPL_451-251
60,28.15,14.43,5,5,0,0,644.6819915363247,604.964851583925,AMZN_1-151
61,28.15,2.75,11,11,0,0,643.1496316981174,604.964851583925,AMZN_1-51
62,28.15,24.78,3,3,0,0,598.0078318435486,604.964851583925,AMZN_1-101
63,28.15,-7.87,4,3,0,0,829.3958577764025,604.964851583925,AMZN_1-251
64,28.15,0.0,0,0,0,0,0.0,604.964851583925,AMZN_1-1
65,28.15,0.0,0,0,0,0,0.0,604.964851583925,AMZN_51-51
66,28.15,26.59,1,0,0,0,597.4259975088252,604.964851583925,AMZN_51-151
67,28.15,4.47,5,5,0,0,695.8179019293017,604.964851583925,AMZN_1-201
68,28.15,26.59,1,0,0,0,597.4259975088252,604.964851583925,AMZN_51-251
69,28.15,0.97,1,1,0,0,1.0924402947334826,604.964851583925,AMZN_101-51
70,28.15,0.0,0,0,0,0,0.0,604.964851583925,AMZN_101-101
71,28.15,26.59,1,0,0,0,597.4259975088252,604.964851583925,AMZN_51-201
72,28.15,26.59,1,0,0,0,597.4259975088252,604.964851583925,AMZN_51-101
73,28.15,1.41,4,3,0,0,111.58754115141028,604.964851583925,AMZN_101-1
74,28.15,19.27,12,11,0,0,444.3003613349392,604.964851583925,AMZN_51-1
75,28.15,26.59,1,0,0,0,597.4259975088252,604.964851583925,AMZN_101-201
76,28.15,26.59,1,0,0,0,597.4259975088252,604.964851583925,AMZN_101-151
77,28.15,26.59,1,0,0,0,597.4259975088252,604.964851583925,AMZN_101-251
78,28.15,0.97,1,1,0,0,1.0924402947334826,604.964851583925,AMZN_151-51
79,28.15,0.97,1,1,0,0,1.0924402947334826,604.964851583925,AMZN_151-101
80,28.15,9.71,6,5,0,0,174.07826638383384,604.964851583925,AMZN_151-1
81,28.15,0.0,0,0,0,0,0.0,604.964851583925,AMZN_151-151
82,28.15,20.16,6,5,0,0,254.0849921767763,604.964851583925,AMZN_201-1
83,28.15,26.59,1,0,0,0,597.4259975088252,604.964851583925,AMZN_151-201
84,28.15,26.59,1,0,0,0,597.4259975088252,604.964851583925,AMZN_151-251
85,28.15,0.97,1,1,0,0,1.0924402947334826,604.964851583925,AMZN_201-101
86,28.15,0.97,1,1,0,0,1.0924402947334826,604.964851583925,AMZN_201-151
87,28.15,26.59,1,0,0,0,597.4259975088252,604.964851583925,AMZN_201-251
88,28.15,0.0,0,0,0,0,0.0,604.964851583925,AMZN_201-201
89,28.15,0.97,1,1,0,0,1.0924402947334826,604.964851583925,AMZN_201-51
90,28.15,0.97,1,1,0,0,1.0924402947334826,604.964851583925,AMZN_251-51
91,28.15,37.08,4,4,0,0,487.34931467116974,604.964851583925,AMZN_251-1
92,28.15,0.97,1,1,0,0,1.0924402947334826,604.964851583925,AMZN_251-201
93,28.15,0.97,1,1,0,0,1.0924402947334826,604.964851583925,AMZN_251-101
94,28.15,0.97,1,1,0,0,1.0924402947334826,604.964851583925,AMZN_251-151
95,28.15,0.97,1,1,0,0,1.0924402947334826,604.964851583925,AMZN_301-151
96,28.15,0.97,1,1,0,0,1.0924402947334826,604.964851583925,AMZN_301-51
97,28.15,0.0,0,0,0,0,0.0,604.964851583925,AMZN_251-251
98,28.15,0.97,1,1,0,0,1.0924402947334826,604.964851583925,AMZN_301-101
99,28.15,0.97,1,1,0,0,1.0924402947334826,604.964851583925,AMZN_301-251
100,28.15,7.71,2,2,0,0,79.94319133198687,604.964851583925,AMZN_351-1
101,28.15,16.43,3,3,0,0,194.9626267558665,604.964851583925,AMZN_301-1
102,28.15,0.97,1,1,0,0,1.0924402947334826,604.964851583925,AMZN_301-201
103,28.15,0.97,1,1,0,0,1.0924402947334826,604.964851583925,AMZN_351-51
104,28.15,0.97,1,1,0,0,1.0924402947334826,604.964851583925,AMZN_351-151
105,28.15,0.97,1,1,0,0,1.0924402947334826,604.964851583925,AMZN_351-251
106,28.15,0.97,1,1,0,0,1.0924402947334826,604.964851583925,AMZN_351-101
107,28.15,0.97,1,1,0,0,1.0924402947334826,604.964851583925,AMZN_401-51
108,28.15,0.97,1,1,0,0,1.0924402947334826,604.964851583925,AMZN_401-1
109,28.15,0.97,1,1,0,0,1.0924402947334826,604.964851583925,AMZN_401-251
110,28.15,0.97,1,1,0,0,1.0924402947334826,604.964851583925,AMZN_401-101
111,28.15,0.97,1,1,0,0,1.0924402947334826,604.964851583925,AMZN_351-201
112,28.15,0.97,1,1,0,0,1.0924402947334826,604.964851583925,AMZN_451-51
113,28.15,0.97,1,1,0,0,1.0924402947334826,604.964851583925,AMZN_401-151
114,28.15,0.97,1,1,0,0,1.0924402947334826,604.964851583925,AMZN_451-1
115,28.15,0.97,1,1,0,0,1.0924402947334826,604.964851583925,AMZN_401-201
116,28.15,0.97,1,1,0,0,1.0924402947334826,604.964851583925,AMZN_451-151
117,28.15,0.97,1,1,0,0,1.0924402947334826,604.964851583925,AMZN_451-101
118,28.15,0.97,1,1,0,0,1.0924402947334826,604.964851583925,AMZN_451-201
119,28.15,0.97,1,1,0,0,1.0924402947334826,604.964851583925,AMZN_451-251
120,12.57,0.0,0,0,0,0,0.0,1245.149730275462,DIS_1-1
121,12.57,5.91,1,1,3,2,134.80889921131055,1245.149730275462,DIS_1-151
122,12.57,14.22,1,1,2,1,248.02546135911317,1245.149730275462,DIS_1-101
123,12.57,2.95,1,1,2,1,89.4944923979704,1245.149730275462,DIS_51-151
124,12.57,2.64,1,1,7,6,177.28826881154865,1245.149730275462,DIS_1-51
125,12.57,4.62,1,1,2,1,118.16476994122416,1245.149730275462,DIS_51-101
126,12.57,-11.57,1,1,5,4,204.62850035220868,1245.149730275462,DIS_1-201
127,12.57,0.0,0,0,0,0,0.0,1245.149730275462,DIS_51-51
128,12.57,-11.32,1,1,3,2,189.1239674766068,1245.149730275462,DIS_1-251
129,12.57,-51.94,1,1,7,7,1250.742956530106,1245.149730275462,DIS_51-1
130,12.57,-9.11,1,1,1,1,62.87412545742777,1245.149730275462,DIS_51-201
131,12.57,-9.35,1,1,1,1,64.62467429021153,1245.149730275462,DIS_51-251
132,12.57,-49.35,1,1,2,2,1292.2912859508135,1245.149730275462,DIS_101-1
133,12.57,0.0,0,0,0,0,0.0,1245.149730275462,DIS_101-101
134,12.57,-23.94,1,1,2,2,1281.703002258578,1245.149730275462,DIS_101-51
135,12.57,-12.19,1,1,1,1,83.81986891020513,1245.149730275462,DIS_101-151
136,12.57,-11.36,1,1,1,1,78.78349773719269,1245.149730275462,DIS_101-201
137,12.57,-37.46,1,1,3,3,1290.2064108756908,1245.149730275462,DIS_151-1
138,12.57,0.0,0,0,0,0,0.0,1245.149730275462,DIS_151-151
139,12.57,-10.82,1,1,1,1,75.13120314242033,1245.149730275462,DIS_101-251
140,12.57,-10.82,1,1,1,1,75.13120314242033,1245.149730275462,DIS_151-201
141,12.57,1.5,1,1,2,1,1303.7213504643248,1245.149730275462,DIS_151-101
142,12.57,-10.82,1,1,1,1,75.13120314242033,1245.149730275462,DIS_151-251
143,12.57,-0.29,1,1,2,1,1282.95725529144,1245.149730275462,DIS_201-101
144,12.57,-20.84,1,1,2,2,1287.5857137792036,1245.149730275462,DIS_151-51
145,12.57,0.0,0,0,0,0,0.0,1245.149730275462,DIS_201-201
146,12.57,-20.11,1,1,5,5,1341.5058215460535,1245.149730275462,DIS_201-1
147,12.57,-0.55,1,1,2,1,1280.0280167138792,1245.149730275462,DIS_201-151
148,12.57,-0.15,1,1,2,1,1291.7122983690576,1245.149730275462,DIS_201-51
149,12.57,-10.69,1,1,1,1,74.16195508823995,1245.149730275462,DIS_201-251
150,12.57,-14.43,1,1,3,3,1360.929451968276,1245.149730275462,DIS_251-1
151,12.57,0.13,1,1,2,1,1288.160307355829,1245.149730275462,DIS_251-51
152,12.57,-0.55,1,1,2,1,1280.0280167138792,1245.149730275462,DIS_251-151
153,12.57,-0.7,1,1,2,1,1281.9714709268935,1245.149730275462,DIS_251-201
154,12.57,0.0,0,0,0,0,0.0,1245.149730275462,DIS_251-251
155,12.57,0.13,1,1,2,1,1288.160307355829,1245.149730275462,DIS_301-51
156,12.57,-8.69,1,1,4,4,1382.2351618800394,1245.149730275462,DIS_301-1
157,12.57,-0.55,1,1,2,1,1280.0280167138792,1245.149730275462,DIS_251-101
158,12.57,-0.55,1,1,2,1,1280.0280167138792,1245.149730275462,DIS_301-101
159,12.57,-0.7,1,1,2,1,1281.9714709268935,1245.149730275462,DIS_301-201
160,12.57,-0.7,1,1,2,1,1281.9714709268935,1245.149730275462,DIS_301-151
161,12.57,-10.31,1,1,5,5,1369.378860097711,1245.149730275462,DIS_351-1
162,12.57,0.13,1,1,2,1,1288.160307355829,1245.149730275462,DIS_351-51
163,12.57,-0.55,1,1,2,1,1280.0280167138792,1245.149730275462,DIS_351-101
164,12.57,-0.7,1,1,2,1,1281.9714709268935,1245.149730275462,DIS_351-151
165,12.57,-0.7,1,1,2,1,1281.9714709268935,1245.149730275462,DIS_351-201
166,12.57,-3.12,1,1,2,1,1254.3585473076564,1245.149730275462,DIS_351-251
167,12.57,-14.8,1,1,3,3,1339.076172678526,1245.149730275462,DIS_401-1
168,12.57,-0.7,1,1,2,1,1281.9714709268935,1245.149730275462,DIS_301-251
169,12.57,-0.7,1,1,2,1,1281.9714709268935,1245.149730275462,DIS_401-151
170,12.57,-11.74,1,1,3,3,1344.684977627371,1245.149730275462,DIS_451-1
171,12.57,1.5,1,1,2,1,1303.7213504643248,1245.149730275462,DIS_401-51
172,12.57,-0.7,1,1,2,1,1281.9714709268935,1245.149730275462,DIS_401-201
173,12.57,-3.12,1,1,2,1,1254.3585473076564,1245.149730275462,DIS_401-251
174,12.57,-0.55,1,1,2,1,1280.0280167138792,1245.149730275462,DIS_401-101
175,12.57,1.5,1,1,2,1,1303.7213504643248,1245.149730275462,DIS_451-51
176,12.57,-0.55,1,1,2,1,1280.0280167138792,1245.149730275462,DIS_451-101
177,12.57,-0.7,1,1,2,1,1281.9714709268935,1245.149730275462,DIS_451-151
178,12.57,-0.7,1,1,2,1,1281.9714709268935,1245.149730275462,DIS_451-201
179,12.57,-3.12,1,1,2,1,1254.3585473076564,1245.149730275462,DIS_451-251
180,-8.4,0.0,0,0,0,0,0.0,1220.7358783941568,FB_1-1
181,-8.4,7.69,1,1,0,0,1155.3907637710445,1220.7358783941568,FB_51-101
182,-8.4,15.09,3,3,0,0,1082.1643367751703,1220.7358783941568,FB_1-101
183,-8.4,13.66,3,3,0,0,1111.3567067140762,1220.7358783941568,FB_1-151
184,-8.4,17.65,1,1,0,0,1083.677333317978,1220.7358783941568,FB_1-251
185,-8.4,-22.83,10,9,0,0,581.0366268435921,1220.7358783941568,FB_51-1
186,-8.4,14.1,9,9,0,0,723.3423401679554,1220.7358783941568,FB_1-51
187,-8.4,3.63,1,1,0,0,1189.077202077277,1220.7358783941568,FB_51-151
188,-8.4,0.0,0,0,0,0,0.0,1220.7358783941568,FB_51-51
189,-8.4,0.35,1,1,0,0,1219.542396976611,1220.7358783941568,FB_51-251
190,-8.4,-21.63,4,3,0,0,215.75321633448144,1220.7358783941568,FB_101-1
191,-8.4,25.15,1,1,0,0,1038.96357632582,1220.7358783941568,FB_1-201
192,-8.4,-15.57,2,1,0,0,120.61647050582673,1220.7358783941568,FB_101-51
193,-8.4,0.0,0,0,0,0,0.0,1220.7358783941568,FB_101-101
194,-8.4,-3.9,1,1,0,0,1236.8375720709198,1220.7358783941568,FB_51-201
195,-8.4,-10.11,1,0,0,0,1198.0278523815198,1220.7358783941568,FB_101-201
196,-8.4,-20.65,4,3,0,0,191.43949934487387,1220.7358783941568,FB_151-1
197,-8.4,-17.32,2,1,0,0,64.8932737527618,1220.7358783941568,FB_151-101
198,-8.4,-10.11,1,0,0,0,1198.0278523815198,1220.7358783941568,FB_101-251
199,-8.4,-12.27,2,1,0,0,95.3817836374552,1220.7358783941568,FB_151-51
200,-8.4,9.97,1,1,0,0,1185.8719635341115,1220.7358783941568,FB_101-151
201,-8.4,-27.36,2,1,0,0,299.74167896736594,1220.7358783941568,FB_201-1
202,-8.4,-10.11,1,0,0,0,1198.0278523815198,1220.7358783941568,FB_151-201
203,-8.4,-5.39,2,1,0,0,136.8313280871576,1220.7358783941568,FB_201-51
204,-8.4,0.0,0,0,0,0,0.0,1220.7358783941568,FB_151-151
205,-8.4,1.34,1,1,0,0,1.9039895930771096,1220.7358783941568,FB_201-151
206,-8.4,-10.11,1,0,0,0,1198.0278523815198,1220.7358783941568,FB_151-251
207,-8.4,1.34,1,1,0,0,1.9039895930771096,1220.7358783941568,FB_201-101
208,-8.4,-10.11,1,0,0,0,1198.0278523815198,1220.7358783941568,FB_201-251
209,-8.4,0.0,0,0,0,0,0.0,1220.7358783941568,FB_201-201
210,-8.4,-22.72,2,1,0,0,220.45490809790647,1220.7358783941568,FB_251-1
211,-8.4,-9.4,2,1,0,0,91.06085525022756,1220.7358783941568,FB_251-51
212,-8.4,1.34,1,1,0,0,1.9039895930771096,1220.7358783941568,FB_251-151
213,-8.4,1.34,1,1,0,0,1.9039895930771096,1220.7358783941568,FB_251-201
214,-8.4,1.34,1,1,0,0,1.9039895930771096,1220.7358783941568,FB_251-101
215,-8.4,-23.08,2,1,0,0,226.3556783344505,1220.7358783941568,FB_301-1
216,-8.4,0.0,0,0,0,0,0.0,1220.7358783941568,FB_251-251
217,-8.4,1.34,1,1,0,0,1.9039895930771096,1220.7358783941568,FB_301-101
218,-8.4,1.34,1,1,0,0,1.9039895930771096,1220.7358783941568,FB_301-151
219,-8.4,-19.47,2,1,0,0,80.18722078128096,1220.7358783941568,FB_301-51
220,-8.4,1.34,1,1,0,0,1.9039895930771096,1220.7358783941568,FB_301-201
221,-8.4,1.34,1,1,0,0,1.9039895930771096,1220.7358783941568,FB_301-251
222,-8.4,1.34,1,1,0,0,1.9039895930771096,1220.7358783941568,FB_351-101
223,-8.4,-21.41,2,1,0,0,199.45583656307693,1220.7358783941568,FB_351-1
224,-8.4,-13.91,2,1,0,0,46.13278635430468,1220.7358783941568,FB_351-51
225,-8.4,1.34,1,1,0,0,1.9039895930771096,1220.7358783941568,FB_351-151
226,-8.4,1.34,1,1,0,0,1.9039895930771096,1220.7358783941568,FB_351-201
227,-8.4,1.34,1,1,0,0,1.9039895930771096,1220.7358783941568,FB_351-251
228,-8.4,1.34,1,1,0,0,1.9039895930771096,1220.7358783941568,FB_401-151
229,-8.4,1.34,1,1,0,0,1.9039895930771096,1220.7358783941568,FB_401-201
230,-8.4,1.34,1,1,0,0,1.9039895930771096,1220.7358783941568,FB_401-101
231,-8.4,-22.99,2,1,0,0,224.7334945900413,1220.7358783941568,FB_401-1
232,-8.4,1.34,1,1,0,0,1.9039895930771096,1220.7358783941568,FB_451-51
233,-8.4,-2.39,2,1,0,0,6.815936014686978,1220.7358783941568,FB_401-51
234,-8.4,-22.38,2,1,0,0,214.77936766662592,1220.7358783941568,FB_451-1
235,-8.4,1.34,1,1,0,0,1.9039895930771096,1220.7358783941568,FB_401-251
236,-8.4,1.34,1,1,0,0,1.9039895930771096,1220.7358783941568,FB_451-151
237,-8.4,1.34,1,1,0,0,1.9039895930771096,1220.7358783941568,FB_451-101
238,-8.4,1.34,1,1,0,0,1.9039895930771096,1220.7358783941568,FB_451-201
239,-8.4,1.34,1,1,0,0,1.9039895930771096,1220.7358783941568,FB_451-251
240,82.41,0.0,0,0,0,0,0.0,2104.7671197701943,GOOG_1-1
241,82.41,3.53,4,3,0,0,169.88801321736562,2104.7671197701943,GOOG_51-1
242,82.41,81.31,1,0,0,0,2092.1137601626974,2104.7671197701943,GOOG_1-251
243,82.41,81.31,1,0,0,0,2092.1137601626974,2104.7671197701943,GOOG_1-151
244,82.41,0.0,0,0,0,0,0.0,2104.7671197701943,GOOG_51-51
245,82.41,81.31,1,0,0,0,2092.1137601626974,2104.7671197701943,GOOG_51-101
246,82.41,72.69,4,4,0,0,2002.283246654372,2104.7671197701943,GOOG_1-51
247,82.41,81.31,1,0,0,0,2092.1137601626974,2104.7671197701943,GOOG_51-151
248,82.41,81.31,1,0,0,0,2092.1137601626974,2104.7671197701943,GOOG_1-101
249,82.41,0.0,0,0,0,0,0.0,2104.7671197701943,GOOG_101-1
250,82.41,81.31,1,0,0,0,2092.1137601626974,2104.7671197701943,GOOG_51-251
251,82.41,0.0,0,0,0,0,0.0,2104.7671197701943,GOOG_101-51
252,82.41,81.31,1,0,0,0,2092.1137601626974,2104.7671197701943,GOOG_51-201
253,82.41,0.0,0,0,0,0,0.0,2104.7671197701943,GOOG_101-101
254,82.41,81.31,1,0,0,0,2092.1137601626974,2104.7671197701943,GOOG_1-201
255,82.41,81.31,1,0,0,0,2092.1137601626974,2104.7671197701943,GOOG_101-201
256,82.41,81.31,1,0,0,0,2092.1137601626974,2104.7671197701943,GOOG_101-251
257,82.41,81.31,1,0,0,0,2092.1137601626974,2104.7671197701943,GOOG_101-151
258,82.41,0.0,0,0,0,0,0.0,2104.7671197701943,GOOG_151-151
259,82.41,0.0,0,0,0,0,0.0,2104.7671197701943,GOOG_151-101
260,82.41,0.0,0,0,0,0,0.0,2104.7671197701943,GOOG_151-1
261,82.41,81.31,1,0,0,0,2092.1137601626974,2104.7671197701943,GOOG_151-201
262,82.41,0.0,0,0,0,0,0.0,2104.7671197701943,GOOG_151-51
263,82.41,81.31,1,0,0,0,2092.1137601626974,2104.7671197701943,GOOG_151-251
264,82.41,0.0,0,0,0,0,0.0,2104.7671197701943,GOOG_201-51
265,82.41,0.0,0,0,0,0,0.0,2104.7671197701943,GOOG_201-151
266,82.41,0.0,0,0,0,0,0.0,2104.7671197701943,GOOG_201-201
267,82.41,0.0,0,0,0,0,0.0,2104.7671197701943,GOOG_201-1
268,82.41,0.0,0,0,0,0,0.0,2104.7671197701943,GOOG_251-1
269,82.41,0.0,0,0,0,0,0.0,2104.7671197701943,GOOG_201-101
270,82.41,81.31,1,0,0,0,2092.1137601626974,2104.7671197701943,GOOG_201-251
271,82.41,0.0,0,0,0,0,0.0,2104.7671197701943,GOOG_251-101
272,82.41,0.0,0,0,0,0,0.0,2104.7671197701943,GOOG_251-151
273,82.41,0.0,0,0,0,0,0.0,2104.7671197701943,GOOG_301-51
274,82.41,0.0,0,0,0,0,0.0,2104.7671197701943,GOOG_251-51
275,82.41,0.0,0,0,0,0,0.0,2104.7671197701943,GOOG_251-201
276,82.41,0.0,0,0,0,0,0.0,2104.7671197701943,GOOG_251-251
277,82.41,0.0,0,0,0,0,0.0,2104.7671197701943,GOOG_301-151
278,82.41,0.0,0,0,0,0,0.0,2104.7671197701943,GOOG_301-201
279,82.41,0.0,0,0,0,0,0.0,2104.7671197701943,GOOG_301-1
280,82.41,0.0,0,0,0,0,0.0,2104.7671197701943,GOOG_351-51
281,82.41,0.0,0,0,0,0,0.0,2104.7671197701943,GOOG_301-251
282,82.41,0.0,0,0,0,0,0.0,2104.7671197701943,GOOG_301-101
283,82.41,0.0,0,0,0,0,0.0,2104.7671197701943,GOOG_351-101
284,82.41,0.0,0,0,0,0,0.0,2104.7671197701943,GOOG_351-1
285,82.41,0.0,0,0,0,0,0.0,2104.7671197701943,GOOG_351-201
286,82.41,0.0,0,0,0,0,0.0,2104.7671197701943,GOOG_351-151
287,82.41,0.0,0,0,0,0,0.0,2104.7671197701943,GOOG_401-101
288,82.41,0.0,0,0,0,0,0.0,2104.7671197701943,GOOG_351-251
289,82.41,0.0,0,0,0,0,0.0,2104.7671197701943,GOOG_401-1
290,82.41,0.0,0,0,0,0,0.0,2104.7671197701943,GOOG_401-51
291,82.41,0.0,0,0,0,0,0.0,2104.7671197701943,GOOG_401-201
292,82.41,0.0,0,0,0,0,0.0,2104.7671197701943,GOOG_401-251
293,82.41,0.0,0,0,0,0,0.0,2104.7671197701943,GOOG_401-151
294,82.41,0.0,0,0,0,0,0.0,2104.7671197701943,GOOG_451-1
295,82.41,0.0,0,0,0,0,0.0,2104.7671197701943,GOOG_451-151
296,82.41,0.0,0,0,0,0,0.0,2104.7671197701943,GOOG_451-101
297,82.41,0.0,0,0,0,0,0.0,2104.7671197701943,GOOG_451-51
298,82.41,0.0,0,0,0,0,0.0,2104.7671197701943,GOOG_451-251
299,82.41,0.0,0,0,0,0,0.0,2104.7671197701943,GOOG_451-201
300,29.23,-1.72,9,8,0,0,237.76716701944827,441.23951090097967,JNJ_1-201
301,29.23,-0.33,10,9,0,0,234.50203199838572,441.23951090097967,JNJ_1-101
302,29.23,-14.66,14,13,0,0,241.3833548180362,441.23951090097967,JNJ_1-51
303,29.23,11.23,3,2,0,0,267.7466753527896,441.23951090097967,JNJ_51-151
304,29.23,0.0,0,0,0,0,0.0,441.23951090097967,JNJ_51-51
305,29.23,0.0,0,0,0,0,0.0,441.23951090097967,JNJ_1-1
306,29.23,-1.89,9,8,0,0,238.2083825575914,441.23951090097967,JNJ_1-151
307,29.23,43.82,14,14,0,0,484.1218025236538,441.23951090097967,JNJ_51-1
308,29.23,11.09,3,2,0,0,268.50439587251725,441.23951090097967,JNJ_51-101
309,29.23,-1.66,9,8,0,0,236.65592057216497,441.23951090097967,JNJ_1-251
310,29.23,11.2,3,2,0,0,273.1397955800566,441.23951090097967,JNJ_51-251
311,29.23,10.28,3,2,0,0,264.0732077184636,441.23951090097967,JNJ_51-201
312,29.23,0.0,0,0,0,0,0.0,441.23951090097967,JNJ_101-101
313,29.23,15.46,3,3,0,0,230.80534099261232,441.23951090097967,JNJ_101-51
314,29.23,25.13,10,10,0,0,297.8342374827566,441.23951090097967,JNJ_101-1
315,29.23,11.99,3,2,0,0,285.782133397331,441.23951090097967,JNJ_101-201
316,29.23,12.15,3,2,0,0,284.27847375856084,441.23951090097967,JNJ_101-151
317,29.23,27.63,9,9,0,0,335.025542837599,441.23951090097967,JNJ_151-1
318,29.23,12.32,3,2,0,0,290.0572163236647,441.23951090097967,JNJ_151-251
319,29.23,15.32,3,3,0,0,229.3341661381736,441.23951090097967,JNJ_151-51
320,29.23,12.38,3,2,0,0,288.3301088595033,441.23951090097967,JNJ_101-251
321,29.23,11.74,3,2,0,0,284.7072064578063,441.23951090097967,JNJ_151-201
322,29.23,27.4,9,9,0,0,331.52716929291137,441.23951090097967,JNJ_201-1
323,29.23,14.53,3,3,0,0,207.2875168002625,441.23951090097967,JNJ_201-101
324,29.23,16.3,3,3,0,0,244.06648487631932,441.23951090097967,JNJ_201-51
325,29.23,0.0,0,0,0,0,0.0,441.23951090097967,JNJ_201-201
326,29.23,0.0,0,0,0,0,0.0,441.23951090097967,JNJ_151-151
327,29.23,14.36,3,3,0,0,205.28990830709512,441.23951090097967,JNJ_151-101
328,29.23,14.79,3,3,0,0,211.7040217450182,441.23951090097967,JNJ_201-151
329,29.23,13.13,3,2,0,0,291.95867831896373,441.23951090097967,JNJ_201-251
330,29.23,14.13,3,3,0,0,200.3696562272188,441.23951090097967,JNJ_251-101
331,29.23,14.19,3,3,0,0,200.7759911507383,441.23951090097967,JNJ_251-151
332,29.23,15.34,3,3,0,0,225.1221327379801,441.23951090097967,JNJ_251-51
333,29.23,27.33,9,9,0,0,331.30885871280674,441.23951090097967,JNJ_251-1
334,29.23,14.79,3,3,0,0,211.81378648271945,441.23951090097967,JNJ_301-101
335,29.23,12.28,3,3,0,0,183.8000516539453,441.23951090097967,JNJ_301-201
336,29.23,0.0,0,0,0,0,0.0,441.23951090097967,JNJ_251-251
337,29.23,13.38,3,3,0,0,187.81596720109349,441.23951090097967,JNJ_251-201
338,29.23,14.99,3,3,0,0,219.13424702602865,441.23951090097967,JNJ_301-51
339,29.23,27.34,9,9,0,0,331.38582412966406,441.23951090097967,JNJ_301-1
340,29.23,14.7,3,3,0,0,210.46512092872493,441.23951090097967,JNJ_301-151
341,29.23,15.12,3,3,0,0,221.4233655520431,441.23951090097967,JNJ_351-51
342,29.23,27.34,9,9,0,0,331.38582412966406,441.23951090097967,JNJ_351-1
343,29.23,12.72,3,3,0,0,193.64573768111137,441.23951090097967,JNJ_301-251
344,29.23,14.39,3,3,0,0,204.2604964921153,441.23951090097967,JNJ_351-101
345,29.23,14.46,3,3,0,0,206.33030207175693,441.23951090097967,JNJ_351-151
346,29.23,11.68,3,3,0,0,173.79184096720942,441.23951090097967,JNJ_351-201
347,29.23,27.43,9,9,0,0,333.0029787650152,441.23951090097967,JNJ_401-1
348,29.23,11.53,3,3,0,0,169.3078692231738,441.23951090097967,JNJ_351-251
349,29.23,13.86,3,3,0,0,197.05203365491565,441.23951090097967,JNJ_401-151
350,29.23,16.0,3,3,0,0,238.9455966839533,441.23951090097967,JNJ_401-51
351,29.23,14.59,3,3,0,0,207.833835422682,441.23951090097967,JNJ_401-101
352,29.23,12.72,3,3,0,0,193.64573768111137,441.23951090097967,JNJ_401-201
353,29.23,16.2,3,3,0,0,242.33729188264468,441.23951090097967,JNJ_451-51
354,29.23,13.81,3,3,0,0,214.59443962669565,441.23951090097967,JNJ_401-251
355,29.23,15.1,3,3,0,0,217.46213766772075,441.23951090097967,JNJ_451-101
356,29.23,25.89,9,9,0,0,310.5161841546914,441.23951090097967,JNJ_451-1
357,29.23,12.6,3,3,0,0,188.5508115281227,441.23951090097967,JNJ_451-151
358,29.23,12.93,3,3,0,0,197.13545461248063,441.23951090097967,JNJ_451-201
359,29.23,15.23,3,3,0,0,238.8254950270596,441.23951090097967,JNJ_451-251
360,45.79,17.83,8,8,0,0,1181.8723406500658,1570.1792183849475,JPM_1-101
361,45.79,9.47,9,8,0,0,244.1948689749129,1570.1792183849475,JPM_51-1
362,45.79,16.52,7,7,0,0,1375.7359557263972,1570.1792183849475,JPM_1-201
363,45.79,29.36,8,8,0,0,1143.6356340873465,1570.1792183849475,JPM_1-51
364,45.79,22.78,6,6,0,0,1219.3252732675037,1570.1792183849475,JPM_1-151
365,45.79,0.0,0,0,0,0,0.0,1570.1792183849475,JPM_51-51
366,45.79,29.56,3,2,0,0,1373.208158603719,1570.1792183849475,JPM_1-251
367,45.79,26.24,3,2,0,0,1334.312775586906,1570.1792183849475,JPM_51-101
368,45.79,25.63,3,2,0,0,1326.4011698888405,1570.1792183849475,JPM_51-151
369,45.79,26.11,3,2,0,0,1332.6601918256054,1570.1792183849475,JPM_51-251
370,45.79,26.11,3,2,0,0,1332.6601918256054,1570.1792183849475,JPM_51-201
371,45.79,0.0,0,0,0,0,0.0,1570.1792183849475,JPM_1-1
372,45.79,14.67,3,3,0,0,107.2416224287474,1570.1792183849475,JPM_101-51
373,45.79,0.0,0,0,0,0,0.0,1570.1792183849475,JPM_101-101
374,45.79,20.18,9,8,0,0,258.5968524845516,1570.1792183849475,JPM_101-1
375,45.79,24.92,3,2,0,0,1317.2365918901426,1570.1792183849475,JPM_101-251
376,45.79,25.07,3,2,0,0,1319.205811096674,1570.1792183849475,JPM_101-151
377,45.79,24.92,3,2,0,0,1317.2365918901426,1570.1792183849475,JPM_101-201
378,45.79,15.74,3,3,0,0,116.61117877061665,1570.1792183849475,JPM_151-101
379,45.79,0.0,0,0,0,0,0.0,1570.1792183849475,JPM_151-151
380,45.79,25.4,3,2,0,0,1323.4529087564897,1570.1792183849475,JPM_151-201
381,45.79,25.4,3,2,0,0,1323.4529087564897,1570.1792183849475,JPM_151-251
382,45.79,16.27,7,6,0,0,176.36800485900417,1570.1792183849475,JPM_151-1
383,45.79,14.79,3,3,0,0,108.24640297484272,1570.1792183849475,JPM_201-51
384,45.79,15.23,3,3,0,0,112.09052121923423,1570.1792183849475,JPM_151-51
385,45.79,22.02,8,7,0,0,133.52844684630043,1570.1792183849475,JPM_201-1
386,45.79,15.44,3,3,0,0,113.93585886531564,1570.1792183849475,JPM_201-151
387,45.79,0.0,0,0,0,0,0.0,1570.1792183849475,JPM_201-201
388,45.79,15.89,3,3,0,0,117.86707544744816,1570.1792183849475,JPM_201-101
389,45.79,25.4,3,2,0,0,1323.4529087564897,1570.1792183849475,JPM_201-251
390,45.79,11.73,3,3,0,0,86.53933534731733,1570.1792183849475,JPM_251-1
391,45.79,15.44,3,3,0,0,113.93585886531564,1570.1792183849475,JPM_251-151
392,45.79,15.89,3,3,0,0,117.86707544744816,1570.1792183849475,JPM_251-101
393,45.79,15.44,3,3,0,0,113.93585886531564,1570.1792183849475,JPM_251-201
394,45.79,14.79,3,3,0,0,108.24640297484272,1570.1792183849475,JPM_251-51
395,45.79,0.0,0,0,0,0,0.0,1570.1792183849475,JPM_251-251
396,45.79,15.89,3,3,0,0,117.86707544744816,1570.1792183849475,JPM_301-101
397,45.79,15.44,3,3,0,0,113.93585886531564,1570.1792183849475,JPM_301-151
398,45.79,14.79,3,3,0,0,108.24640297484272,1570.1792183849475,JPM_301-51
399,45.79,15.72,3,3,0,0,116.40514540303946,1570.1792183849475,JPM_301-201
400,45.79,11.73,3,3,0,0,86.53933534731733,1570.1792183849475,JPM_351-1
401,45.79,11.73,3,3,0,0,86.53933534731733,1570.1792183849475,JPM_301-1
402,45.79,15.89,3,3,0,0,117.86707544744816,1570.1792183849475,JPM_351-101
403,45.79,15.72,3,3,0,0,116.4039542500624,1570.1792183849475,JPM_351-51
404,45.79,15.72,3,3,0,0,116.40514540303946,1570.1792183849475,JPM_301-251
405,45.79,15.44,3,3,0,0,113.93585886531564,1570.1792183849475,JPM_351-151
406,45.79,15.72,3,3,0,0,116.40514540303946,1570.1792183849475,JPM_351-251
407,45.79,15.72,3,3,0,0,116.40514540303946,1570.1792183849475,JPM_351-201
408,45.79,11.73,3,3,0,0,86.53933534731733,1570.1792183849475,JPM_401-1
409,45.79,15.72,3,3,0,0,116.4039542500624,1570.1792183849475,JPM_401-51
410,45.79,15.89,3,3,0,0,117.86707544744816,1570.1792183849475,JPM_401-101
411,45.79,15.72,3,3,0,0,116.40514540303946,1570.1792183849475,JPM_401-251
412,45.79,15.72,3,3,0,0,116.40514540303946,1570.1792183849475,JPM_401-201
413,45.79,15.44,3,3,0,0,113.93585886531564,1570.1792183849475,JPM_401-151
414,45.79,15.72,3,3,0,0,116.4039542500624,1570.1792183849475,JPM_451-51
415,45.79,11.73,3,3,0,0,86.53933534731733,1570.1792183849475,JPM_451-1
416,45.79,15.44,3,3,0,0,113.93585886531564,1570.1792183849475,JPM_451-101
417,45.79,15.72,3,3,0,0,116.40514540303946,1570.1792183849475,JPM_451-151
418,45.79,15.72,3,3,0,0,116.40514540303946,1570.1792183849475,JPM_451-251
419,45.79,15.72,3,3,0,0,116.40514540303946,1570.1792183849475,JPM_451-201
420,53.89,28.64,6,5,0,0,378.9376399655641,654.679546702922,KO_1-51
421,53.89,42.24,3,2,0,0,572.6166034684527,654.679546702922,KO_1-151
422,53.89,41.87,3,2,0,0,569.3007184671367,654.679546702922,KO_1-101
423,53.89,0.0,0,0,0,0,0.0,654.679546702922,KO_1-1
424,53.89,47.29,1,0,0,0,611.4675484075104,654.679546702922,KO_51-201
425,53.89,42.24,3,2,0,0,572.6166034684527,654.679546702922,KO_1-251
426,53.89,19.28,6,6,0,0,221.1100876806062,654.679546702922,KO_51-1
427,53.89,46.97,1,0,0,0,609.4696071539115,654.679546702922,KO_51-151
428,53.89,42.24,3,2,0,0,572.6166034684527,654.679546702922,KO_1-201
429,53.89,6.52,1,1,0,0,55.343741143427714,654.679546702922,KO_101-51
430,53.89,47.29,1,0,0,0,611.4675484075104,654.679546702922,KO_51-251
431,53.89,46.97,1,0,0,0,609.4696071539115,654.679546702922,KO_51-101
432,53.89,0.0,0,0,0,0,0.0,654.679546702922,KO_101-101
433,53.89,0.0,0,0,0,0,0.0,654.679546702922,KO_51-51
434,53.89,9.47,3,3,0,0,81.20102309010835,654.679546702922,KO_101-1
435,53.89,46.38,1,0,0,0,605.8808240925337,654.679546702922,KO_101-201
436,53.89,46.17,1,0,0,0,604.5739897253894,654.679546702922,KO_101-151
437,53.89,46.38,1,0,0,0,605.8808240925337,654.679546702922,KO_151-201
438,53.89,7.1,1,1,0,0,60.842004972667446,654.679546702922,KO_151-101
439,53.89,9.19,3,3,0,0,77.27230315437178,654.679546702922,KO_201-1
440,53.89,0.0,0,0,0,0,0.0,654.679546702922,KO_151-151
441,53.89,9.19,3,3,0,0,77.27230315437178,654.679546702922,KO_151-1
442,53.89,6.52,1,1,0,0,55.343741143427714,654.679546702922,KO_151-51
443,53.89,46.38,1,0,0,0,605.8808240925337,654.679546702922,KO_101-251
444,53.89,0.0,0,0,0,0,0.0,654.679546702922,KO_201-201
445,53.89,46.55,1,0,0,0,606.9143561707788,654.679546702922,KO_151-251
446,53.89,6.29,1,1,0,0,53.15903810122757,654.679546702922,KO_201-51
447,53.89,6.95,1,1,0,0,59.35162971172458,654.679546702922,KO_201-151
448,53.89,46.55,1,0,0,0,606.9143561707788,654.679546702922,KO_201-251
449,53.89,6.95,1,1,0,0,59.35162971172458,654.679546702922,KO_201-101
450,53.89,6.95,1,1,0,0,59.35162971172458,654.679546702922,KO_251-101
451,53.89,9.19,3,3,0,0,77.27230315437178,654.679546702922,KO_251-1
452,53.89,0.0,0,0,0,0,0.0,654.679546702922,KO_251-251
453,53.89,6.82,1,1,0,0,58.18692772088718,654.679546702922,KO_301-151
454,53.89,6.82,1,1,0,0,58.18692772088718,654.679546702922,KO_251-151
455,53.89,6.29,1,1,0,0,53.15903810122757,654.679546702922,KO_251-51
456,53.89,6.29,1,1,0,0,53.15903810122757,654.679546702922,KO_301-51
457,53.89,6.95,1,1,0,0,59.35162971172458,654.679546702922,KO_301-101
458,53.89,6.82,1,1,0,0,58.18692772088718,654.679546702922,KO_301-201
459,53.89,9.16,3,3,0,0,74.5753575744456,654.679546702922,KO_301-1
460,53.89,6.29,1,1,0,0,53.15903810122757,654.679546702922,KO_351-51
461,53.89,6.82,1,1,0,0,58.18692772088718,654.679546702922,KO_301-251
462,53.89,6.82,1,1,0,0,58.18692772088718,654.679546702922,KO_251-201
463,53.89,9.16,3,3,0,0,74.5753575744456,654.679546702922,KO_351-1
464,53.89,6.95,1,1,0,0,59.35162971172458,654.679546702922,KO_351-101
465,53.89,6.82,1,1,0,0,58.18692772088718,654.679546702922,KO_351-151
466,53.89,6.82,1,1,0,0,58.18692772088718,654.679546702922,KO_351-201
467,53.89,6.82,1,1,0,0,58.18692772088718,654.679546702922,KO_351-251
468,53.89,9.16,3,3,0,0,74.5753575744456,654.679546702922,KO_401-1
469,53.89,9.16,3,3,0,0,74.5753575744456,654.679546702922,KO_451-1
470,53.89,6.95,1,1,0,0,59.35162971172458,654.679546702922,KO_451-101
471,53.89,6.29,1,1,0,0,53.15903810122757,654.679546702922,KO_451-51
472,53.89,6.82,1,1,0,0,58.18692772088718,654.679546702922,KO_401-151
473,53.89,6.29,1,1,0,0,53.15903810122757,654.679546702922,KO_401-51
474,53.89,6.82,1,1,0,0,58.18692772088718,654.679546702922,KO_451-151
475,53.89,6.82,1,1,0,0,58.18692772088718,654.679546702922,KO_401-201
476,53.89,6.82,1,1,0,0,58.18692772088718,654.679546702922,KO_451-201
477,53.89,6.82,1,1,0,0,58.18692772088718,654.679546702922,KO_401-251
478,53.89,6.95,1,1,0,0,59.35162971172458,654.679546702922,KO_401-101
479,53.89,7.18,1,1,0,0,61.590005274135,654.679546702922,KO_451-251
480,87.67,0.0,0,0,0,0,0.0,1638.3582972404236,LLY_1-1
481,87.67,36.99,3,2,0,0,959.1553451268716,1638.3582972404236,LLY_51-101
482,87.67,51.66,4,3,0,0,1169.5080797469,1638.3582972404236,LLY_1-151
483,87.67,45.57,5,4,0,0,1113.9812873228816,1638.3582972404236,LLY_1-51
484,87.67,49.8,4,3,0,0,1141.470258250396,1638.3582972404236,LLY_1-101
485,87.67,27.1,5,5,0,0,340.11691436951713,1638.3582972404236,LLY_51-1
486,87.67,52.49,4,3,0,0,1179.5138141731932,1638.3582972404236,LLY_1-201
487,87.67,47.86,6,5,0,0,1122.494998965197,1638.3582972404236,LLY_1-251
488,87.67,32.86,3,2,0,0,911.3582724026012,1638.3582972404236,LLY_51-251
489,87.67,24.01,4,4,0,0,326.828976229291,1638.3582972404236,LLY_101-1
490,87.67,34.72,3,2,0,0,933.3943679922398,1638.3582972404236,LLY_51-151
491,87.67,36.14,3,3,0,0,544.9287024998704,1638.3582972404236,LLY_101-51
492,87.67,34.76,3,2,0,0,936.642772699769,1638.3582972404236,LLY_51-201
493,87.67,0.0,0,0,0,0,0.0,1638.3582972404236,LLY_101-101
494,87.67,0.0,0,0,0,0,0.0,1638.3582972404236,LLY_51-51
495,87.67,24.47,3,2,0,0,819.5707955507806,1638.3582972404236,LLY_101-151
496,87.67,23.58,3,2,0,0,810.9333332373421,1638.3582972404236,LLY_101-201
497,87.67,38.44,3,3,0,0,581.5779549025315,1638.3582972404236,LLY_151-51
498,87.67,49.83,3,3,0,0,777.6088671860329,1638.3582972404236,LLY_151-101
499,87.67,23.93,3,2,0,0,814.9388667719601,1638.3582972404236,LLY_151-251
500,87.67,22.48,4,4,0,0,298.92106073857826,1638.3582972404236,LLY_151-1
501,87.67,21.82,4,4,0,0,289.867340058506,1638.3582972404236,LLY_201-1
502,87.67,24.99,3,2,0,0,819.8598225301275,1638.3582972404236,LLY_101-251
503,87.67,0.0,0,0,0,0,0.0,1638.3582972404236,LLY_151-151
504,87.67,50.91,3,3,0,0,798.7763717711953,1638.3582972404236,LLY_201-101
505,87.67,23.12,3,2,0,0,810.5692209957018,1638.3582972404236,LLY_201-251
506,87.67,24.49,3,2,0,0,819.1695539481066,1638.3582972404236,LLY_151-201
507,87.67,0.0,0,0,0,0,0.0,1638.3582972404236,LLY_201-201
508,87.67,49.82,3,3,0,0,782.9470364150825,1638.3582972404236,LLY_201-151
509,87.67,38.4,3,3,0,0,575.4662116608698,1638.3582972404236,LLY_201-51
510,87.67,24.63,6,6,0,0,331.5607808452001,1638.3582972404236,LLY_251-1
511,87.67,50.5,3,3,0,0,796.2407260835639,1638.3582972404236,LLY_251-151
512,87.67,49.22,3,3,0,0,784.6265265600168,1638.3582972404236,LLY_251-101
513,87.67,40.37,3,3,0,0,613.512080142013,1638.3582972404236,LLY_251-51
514,87.67,51.48,3,3,0,0,800.4773289982305,1638.3582972404236,LLY_251-201
515,87.67,0.0,0,0,0,0,0.0,1638.3582972404236,LLY_251-251
516,87.67,28.65,8,8,0,0,398.8657193283991,1638.3582972404236,LLY_301-1
517,87.67,51.33,3,3,0,0,813.192580995578,1638.3582972404236,LLY_301-151
518,87.67,27.56,6,6,0,0,384.3316968739983,1638.3582972404236,LLY_351-1
519,87.67,39.98,3,3,0,0,606.6125967530469,1638.3582972404236,LLY_301-51
520,87.67,51.76,3,3,0,0,806.5963913128674,1638.3582972404236,LLY_301-201
521,87.67,46.63,3,3,0,0,736.7541941033754,1638.3582972404236,LLY_351-51
522,87.67,48.79,3,3,0,0,775.7788767584408,1638.3582972404236,LLY_301-101
523,87.67,52.06,3,3,0,0,811.8491066808957,1638.3582972404236,LLY_351-151
524,87.67,48.56,3,3,0,0,771.3163675065152,1638.3582972404236,LLY_351-101
525,87.67,53.71,3,3,0,0,846.6676190827184,1638.3582972404236,LLY_351-201
526,87.67,50.78,3,3,0,0,786.5178674621781,1638.3582972404236,LLY_301-251
527,87.67,27.29,6,6,0,0,380.8972378928677,1638.3582972404236,LLY_401-1
528,87.67,51.55,3,3,0,0,802.1276184422678,1638.3582972404236,LLY_351-251
529,87.67,47.73,3,3,0,0,759.4049157516547,1638.3582972404236,LLY_401-51
530,87.67,49.61,3,3,0,0,778.6846901023088,1638.3582972404236,LLY_401-101
531,87.67,51.48,3,3,0,0,800.4773289982305,1638.3582972404236,LLY_401-151
532,87.67,52.24,3,3,0,0,816.5572815395468,1638.3582972404236,LLY_401-251
533,87.67,53.18,3,3,0,0,835.991570627139,1638.3582972404236,LLY_401-201
534,87.67,47.73,3,3,0,0,759.4049157516547,1638.3582972404236,LLY_451-51
535,87.67,28.86,6,6,0,0,404.2613704378198,1638.3582972404236,LLY_451-1
536,87.67,50.24,3,3,0,0,791.9769963692924,1638.3582972404236,LLY_451-101
537,87.67,53.26,3,3,0,0,837.3488693842539,1638.3582972404236,LLY_451-151
538,87.67,52.4,3,3,0,0,819.9404366950172,1638.3582972404236,LLY_451-251
539,87.67,49.97,3,3,0,0,769.2559222545467,1638.3582972404236,LLY_451-201
540,59.9,53.32,3,3,0,0,1320.3575414755926,1366.8343367462192,MSFT_1-101
541,59.9,0.0,0,0,0,0,0.0,1366.8343367462192,MSFT_1-1
542,59.9,57.8,1,0,0,0,1348.7907878031192,1366.8343367462192,MSFT_1-251
543,59.9,0.0,0,0,0,0,0.0,1366.8343367462192,MSFT_51-51
544,59.9,57.8,1,0,0,0,1348.7907878031192,1366.8343367462192,MSFT_51-101
545,59.9,52.21,5,5,0,0,1090.6768744324884,1366.8343367462192,MSFT_1-51
546,59.9,57.8,1,0,0,0,1348.7907878031192,1366.8343367462192,MSFT_1-201
547,59.9,57.8,1,0,0,0,1348.7907878031192,1366.8343367462192,MSFT_51-251
548,59.9,57.8,1,0,0,0,1348.7907878031192,1366.8343367462192,MSFT_1-151
549,59.9,3.22,6,5,0,0,201.249127570496,1366.8343367462192,MSFT_51-1
550,59.9,57.8,1,0,0,0,1348.7907878031192,1366.8343367462192,MSFT_51-201
551,59.9,3.3,4,3,0,0,77.21049262397824,1366.8343367462192,MSFT_101-1
552,59.9,1.37,1,1,0,0,1.616218872867034,1366.8343367462192,MSFT_101-51
553,59.9,57.8,1,0,0,0,1348.7907878031192,1366.8343367462192,MSFT_51-151
554,59.9,0.0,0,0,0,0,0.0,1366.8343367462192,MSFT_101-101
555,59.9,1.37,1,1,0,0,1.616218872867034,1366.8343367462192,MSFT_151-101
556,59.9,57.8,1,0,0,0,1348.7907878031192,1366.8343367462192,MSFT_101-151
557,59.9,57.8,1,0,0,0,1348.7907878031192,1366.8343367462192,MSFT_101-201
558,59.9,1.37,1,1,0,0,1.616218872867034,1366.8343367462192,MSFT_151-51
559,59.9,57.8,1,0,0,0,1348.7907878031192,1366.8343367462192,MSFT_101-251
560,59.9,57.8,1,0,0,0,1348.7907878031192,1366.8343367462192,MSFT_151-201
561,59.9,0.0,0,0,0,0,0.0,1366.8343367462192,MSFT_151-151
562,59.9,57.8,1,0,0,0,1348.7907878031192,1366.8343367462192,MSFT_151-251
563,59.9,1.37,1,1,0,0,1.616218872867034,1366.8343367462192,MSFT_151-1
564,59.9,0.0,0,0,0,0,0.0,1366.8343367462192,MSFT_201-201
565,59.9,1.37,1,1,0,0,1.616218872867034,1366.8343367462192,MSFT_201-1
566,59.9,1.37,1,1,0,0,1.616218872867034,1366.8343367462192,MSFT_201-151
567,59.9,1.37,1,1,0,0,1.616218872867034,1366.8343367462192,MSFT_201-101
568,59.9,1.37,1,1,0,0,1.616218872867034,1366.8343367462192,MSFT_201-51
569,59.9,57.8,1,0,0,0,1348.7907878031192,1366.8343367462192,MSFT_201-251
570,59.9,1.37,1,1,0,0,1.616218872867034,1366.8343367462192,MSFT_251-1
571,59.9,1.37,1,1,0,0,1.616218872867034,1366.8343367462192,MSFT_251-151
572,59.9,1.37,1,1,0,0,1.616218872867034,1366.8343367462192,MSFT_251-201
573,59.9,1.37,1,1,0,0,1.616218872867034,1366.8343367462192,MSFT_251-51
574,59.9,0.0,0,0,0,0,0.0,1366.8343367462192,MSFT_251-251
575,59.9,1.37,1,1,0,0,1.616218872867034,1366.8343367462192,MSFT_251-101
576,59.9,1.37,1,1,0,0,1.616218872867034,1366.8343367462192,MSFT_301-1
577,59.9,1.37,1,1,0,0,1.616218872867034,1366.8343367462192,MSFT_301-101
578,59.9,1.37,1,1,0,0,1.616218872867034,1366.8343367462192,MSFT_301-51
579,59.9,1.37,1,1,0,0,1.616218872867034,1366.8343367462192,MSFT_301-251
580,59.9,1.37,1,1,0,0,1.616218872867034,1366.8343367462192,MSFT_301-151
581,59.9,1.37,1,1,0,0,1.616218872867034,1366.8343367462192,MSFT_351-51
582,59.9,1.37,1,1,0,0,1.616218872867034,1366.8343367462192,MSFT_301-201
583,59.9,1.37,1,1,0,0,1.616218872867034,1366.8343367462192,MSFT_351-1
584,59.9,1.37,1,1,0,0,1.616218872867034,1366.8343367462192,MSFT_351-101
585,59.9,1.37,1,1,0,0,1.616218872867034,1366.8343367462192,MSFT_351-201
586,59.9,1.37,1,1,0,0,1.616218872867034,1366.8343367462192,MSFT_351-251
587,59.9,1.37,1,1,0,0,1.616218872867034,1366.8343367462192,MSFT_401-1
588,59.9,1.37,1,1,0,0,1.616218872867034,1366.8343367462192,MSFT_401-51
589,59.9,1.37,1,1,0,0,1.616218872867034,1366.8343367462192,MSFT_351-151
590,59.9,1.37,1,1,0,0,1.616218872867034,1366.8343367462192,MSFT_451-1
591,59.9,1.37,1,1,0,0,1.616218872867034,1366.8343367462192,MSFT_401-201
592,59.9,1.37,1,1,0,0,1.616218872867034,1366.8343367462192,MSFT_401-101
593,59.9,1.37,1,1,0,0,1.616218872867034,1366.8343367462192,MSFT_401-251
594,59.9,1.37,1,1,0,0,1.616218872867034,1366.8343367462192,MSFT_401-151
595,59.9,1.37,1,1,0,0,1.616218872867034,1366.8343367462192,MSFT_451-51
596,59.9,1.37,1,1,0,0,1.616218872867034,1366.8343367462192,MSFT_451-101
597,59.9,1.37,1,1,0,0,1.616218872867034,1366.8343367462192,MSFT_451-151
598,59.9,1.37,1,1,0,0,1.616218872867034,1366.8343367462192,MSFT_451-251
599,59.9,1.37,1,1,0,0,1.616218872867034,1366.8343367462192,MSFT_451-201
600,175.92,155.9,6,6,0,0,3651.580264483232,4793.184275007251,NVDA_1-51
601,175.92,126.11,7,7,0,0,4453.779908418611,4793.184275007251,NVDA_1-101
602,175.92,175.14,1,0,0,0,4779.467010943336,4793.184275007251,NVDA_1-201
603,175.92,0.0,0,0,0,0,0.0,4793.184275007251,NVDA_51-51
604,175.92,5.41,6,5,0,0,442.2356680198848,4793.184275007251,NVDA_51-1
605,175.92,187.82,2,2,0,0,4777.420986517632,4793.184275007251,NVDA_1-151
606,175.92,0.0,0,0,0,0,0.0,4793.184275007251,NVDA_1-1
607,175.92,175.14,1,0,0,0,4779.467010943336,4793.184275007251,NVDA_1-251
608,175.92,175.14,1,0,0,0,4779.467010943336,4793.184275007251,NVDA_51-201
609,175.92,0.0,0,0,0,0,0.0,4793.184275007251,NVDA_101-51
610,175.92,175.14,1,0,0,0,4779.467010943336,4793.184275007251,NVDA_51-251
611,175.92,175.14,1,0,0,0,4779.467010943336,4793.184275007251,NVDA_51-101
612,175.92,19.0,7,6,0,0,533.6746219849105,4793.184275007251,NVDA_101-1
613,175.92,175.14,1,0,0,0,4779.467010943336,4793.184275007251,NVDA_51-151
614,175.92,0.0,0,0,0,0,0.0,4793.184275007251,NVDA_101-101
615,175.92,175.14,1,0,0,0,4779.467010943336,4793.184275007251,NVDA_101-151
616,175.92,-4.88,2,1,0,0,19.98810765885108,4793.184275007251,NVDA_151-1
617,175.92,0.0,0,0,0,0,0.0,4793.184275007251,NVDA_151-101
618,175.92,0.0,0,0,0,0,0.0,4793.184275007251,NVDA_151-151
619,175.92,175.14,1,0,0,0,4779.467010943336,4793.184275007251,NVDA_101-251
620,175.92,0.0,0,0,0,0,0.0,4793.184275007251,NVDA_151-51
621,175.92,175.14,1,0,0,0,4779.467010943336,4793.184275007251,NVDA_101-201
622,175.92,175.14,1,0,0,0,4779.467010943336,4793.184275007251,NVDA_151-251
623,175.92,0.0,0,0,0,0,0.0,4793.184275007251,NVDA_201-1
624,175.92,0.0,0,0,0,0,0.0,4793.184275007251,NVDA_201-51
625,175.92,175.14,1,0,0,0,4779.467010943336,4793.184275007251,NVDA_151-201
626,175.92,0.0,0,0,0,0,0.0,4793.184275007251,NVDA_201-151
627,175.92,0.0,0,0,0,0,0.0,4793.184275007251,NVDA_201-101
628,175.92,0.0,0,0,0,0,0.0,4793.184275007251,NVDA_201-201
629,175.92,175.14,1,0,0,0,4779.467010943336,4793.184275007251,NVDA_201-251
630,175.92,0.0,0,0,0,0,0.0,4793.184275007251,NVDA_251-1
631,175.92,0.0,0,0,0,0,0.0,4793.184275007251,NVDA_251-51
632,175.92,0.0,0,0,0,0,0.0,4793.184275007251,NVDA_251-151
633,175.92,0.0,0,0,0,0,0.0,4793.184275007251,NVDA_301-101
634,175.92,0.0,0,0,0,0,0.0,4793.184275007251,NVDA_251-201
635,175.92,0.0,0,0,0,0,0.0,4793.184275007251,NVDA_251-251
636,175.92,0.0,0,0,0,0,0.0,4793.184275007251,NVDA_301-151
637,175.92,0.0,0,0,0,0,0.0,4793.184275007251,NVDA_301-51
638,175.92,0.0,0,0,0,0,0.0,4793.184275007251,NVDA_251-101
639,175.92,0.0,0,0,0,0,0.0,4793.184275007251,NVDA_301-251
640,175.92,0.0,0,0,0,0,0.0,4793.184275007251,NVDA_351-51
641,175.92,0.0,0,0,0,0,0.0,4793.184275007251,NVDA_301-1
642,175.92,0.0,0,0,0,0,0.0,4793.184275007251,NVDA_351-1
643,175.92,0.0,0,0,0,0,0.0,4793.184275007251,NVDA_351-101
644,175.92,0.0,0,0,0,0,0.0,4793.184275007251,NVDA_301-201
645,175.92,0.0,0,0,0,0,0.0,4793.184275007251,NVDA_351-201
646,175.92,0.0,0,0,0,0,0.0,4793.184275007251,NVDA_351-151
647,175.92,0.0,0,0,0,0,0.0,4793.184275007251,NVDA_401-1
648,175.92,0.0,0,0,0,0,0.0,4793.184275007251,NVDA_401-151
649,175.92,0.0,0,0,0,0,0.0,4793.184275007251,NVDA_401-201
650,175.92,0.0,0,0,0,0,0.0,4793.184275007251,NVDA_351-251
651,175.92,0.0,0,0,0,0,0.0,4793.184275007251,NVDA_401-101
652,175.92,0.0,0,0,0,0,0.0,4793.184275007251,NVDA_451-1
653,175.92,0.0,0,0,0,0,0.0,4793.184275007251,NVDA_401-51
654,175.92,0.0,0,0,0,0,0.0,4793.184275007251,NVDA_451-101
655,175.92,0.0,0,0,0,0,0.0,4793.184275007251,NVDA_451-51
656,175.92,0.0,0,0,0,0,0.0,4793.184275007251,NVDA_401-251
657,175.92,0.0,0,0,0,0,0.0,4793.184275007251,NVDA_451-201
658,175.92,0.0,0,0,0,0,0.0,4793.184275007251,NVDA_451-151
659,175.92,0.0,0,0,0,0,0.0,4793.184275007251,NVDA_451-251
660,41.69,0.0,0,0,0,0,0.0,625.6318965442541,PEP_1-1
661,41.69,36.34,2,1,0,0,549.5451270827156,625.6318965442541,PEP_1-151
662,41.69,26.82,4,3,0,0,458.8061334690329,625.6318965442541,PEP_1-51
663,41.69,36.57,2,1,0,0,552.7401689095057,625.6318965442541,PEP_1-101
664,41.69,9.21,3,3,0,0,136.4620270761037,625.6318965442541,PEP_51-1
665,41.69,40.17,1,0,0,0,618.8325636868714,625.6318965442541,PEP_1-251
666,41.69,36.78,2,1,0,0,557.3975200735493,625.6318965442541,PEP_1-201
667,41.69,40.17,1,0,0,0,618.8325636868714,625.6318965442541,PEP_51-201
668,41.69,40.17,1,0,0,0,618.8325636868714,625.6318965442541,PEP_51-101
669,41.69,40.17,1,0,0,0,618.8325636868714,625.6318965442541,PEP_51-251
670,41.69,40.17,1,0,0,0,618.8325636868714,625.6318965442541,PEP_51-151
671,41.69,0.0,0,0,0,0,0.0,625.6318965442541,PEP_51-51
672,41.69,2.23,1,1,0,0,55.7335088392865,625.6318965442541,PEP_101-1
673,41.69,0.0,0,0,0,0,0.0,625.6318965442541,PEP_101-51
674,41.69,0.0,0,0,0,0,0.0,625.6318965442541,PEP_101-101
675,41.69,2.4,1,1,0,0,59.32292288426324,625.6318965442541,PEP_151-1
676,41.69,40.17,1,0,0,0,618.8325636868714,625.6318965442541,PEP_101-151
677,41.69,0.0,0,0,0,0,0.0,625.6318965442541,PEP_151-151
678,41.69,0.0,0,0,0,0,0.0,625.6318965442541,PEP_151-101
679,41.69,40.17,1,0,0,0,618.8325636868714,625.6318965442541,PEP_101-251
680,41.69,0.0,0,0,0,0,0.0,625.6318965442541,PEP_201-51
681,41.69,40.17,1,0,0,0,618.8325636868714,625.6318965442541,PEP_151-201
682,41.69,0.0,0,0,0,0,0.0,625.6318965442541,PEP_151-51
683,41.69,40.17,1,0,0,0,618.8325636868714,625.6318965442541,PEP_151-251
684,41.69,2.07,1,1,0,0,51.2102515364247,625.6318965442541,PEP_201-1
685,41.69,0.0,0,0,0,0,0.0,625.6318965442541,PEP_201-151
686,41.69,0.0,0,0,0,0,0.0,625.6318965442541,PEP_201-101
687,41.69,0.0,0,0,0,0,0.0,625.6318965442541,PEP_201-201
688,41.69,40.17,1,0,0,0,618.8325636868714,625.6318965442541,PEP_101-201
689,41.69,0.0,0,0,0,0,0.0,625.6318965442541,PEP_251-1
690,41.69,0.0,0,0,0,0,0.0,625.6318965442541,PEP_251-101
691,41.69,0.0,0,0,0,0,0.0,625.6318965442541,PEP_301-1
692,41.69,0.0,0,0,0,0,0.0,625.6318965442541,PEP_251-51
693,41.69,0.0,0,0,0,0,0.0,625.6318965442541,PEP_251-201
694,41.69,40.17,1,0,0,0,618.8325636868714,625.6318965442541,PEP_201-251
695,41.69,0.0,0,0,0,0,0.0,625.6318965442541,PEP_301-51
696,41.69,0.0,0,0,0,0,0.0,625.6318965442541,PEP_251-251
697,41.69,0.0,0,0,0,0,0.0,625.6318965442541,PEP_301-101
698,41.69,0.0,0,0,0,0,0.0,625.6318965442541,PEP_301-201
699,41.69,0.0,0,0,0,0,0.0,625.6318965442541,PEP_251-151
700,41.69,0.0,0,0,0,0,0.0,625.6318965442541,PEP_351-101
701,41.69,0.0,0,0,0,0,0.0,625.6318965442541,PEP_351-51
702,41.69,0.0,0,0,0,0,0.0,625.6318965442541,PEP_351-1
703,41.69,0.0,0,0,0,0,0.0,625.6318965442541,PEP_351-151
704,41.69,0.0,0,0,0,0,0.0,625.6318965442541,PEP_301-151
705,41.69,0.0,0,0,0,0,0.0,625.6318965442541,PEP_301-251
706,41.69,0.0,0,0,0,0,0.0,625.6318965442541,PEP_351-251
707,41.69,0.0,0,0,0,0,0.0,625.6318965442541,PEP_351-201
708,41.69,0.0,0,0,0,0,0.0,625.6318965442541,PEP_401-1
709,41.69,0.0,0,0,0,0,0.0,625.6318965442541,PEP_401-51
710,41.69,0.0,0,0,0,0,0.0,625.6318965442541,PEP_401-201
711,41.69,0.0,0,0,0,0,0.0,625.6318965442541,PEP_401-151
712,41.69,0.0,0,0,0,0,0.0,625.6318965442541,PEP_401-251
713,41.69,0.0,0,0,0,0,0.0,625.6318965442541,PEP_451-1
714,41.69,0.0,0,0,0,0,0.0,625.6318965442541,PEP_401-101
715,41.69,0.0,0,0,0,0,0.0,625.6318965442541,PEP_451-51
716,41.69,0.0,0,0,0,0,0.0,625.6318965442541,PEP_451-201
717,41.69,0.0,0,0,0,0,0.0,625.6318965442541,PEP_451-151
718,41.69,0.0,0,0,0,0,0.0,625.6318965442541,PEP_451-251
719,41.69,0.0,0,0,0,0,0.0,625.6318965442541,PEP_451-101
720,607.63,577.83,1,0,0,0,8887.762504145816,9278.43824199204,TSLA_1-201
721,607.63,419.6,6,5,0,0,7445.038160395911,9278.43824199204,TSLA_1-101
722,607.63,355.67,12,11,0,0,5888.889912000018,9278.43824199204,TSLA_1-51
723,607.63,577.83,1,0,0,0,8887.762504145816,9278.43824199204,TSLA_1-251
724,607.63,459.96,3,2,0,0,8517.76169540646,9278.43824199204,TSLA_1-151
725,607.63,0.0,0,0,0,0,0.0,9278.43824199204,TSLA_1-1
726,607.63,55.08,12,12,0,0,926.5929441245646,9278.43824199204,TSLA_51-1
727,607.63,577.83,1,0,0,0,8887.762504145816,9278.43824199204,TSLA_51-151
728,607.63,0.0,0,0,0,0,0.0,9278.43824199204,TSLA_51-51
729,607.63,577.83,1,0,0,0,8887.762504145816,9278.43824199204,TSLA_51-101
730,607.63,577.83,1,0,0,0,8887.762504145816,9278.43824199204,TSLA_51-251
731,607.63,38.58,6,6,0,0,424.91191448210566,9278.43824199204,TSLA_101-1
732,607.63,7.8,1,1,0,0,8.604594877388816,9278.43824199204,TSLA_101-51
733,607.63,577.83,1,0,0,0,8887.762504145816,9278.43824199204,TSLA_51-201
734,607.63,0.0,0,0,0,0,0.0,9278.43824199204,TSLA_101-101
735,607.63,577.83,1,0,0,0,8887.762504145816,9278.43824199204,TSLA_101-151
736,607.63,577.83,1,0,0,0,8887.762504145816,9278.43824199204,TSLA_101-251
737,607.63,0.0,0,0,0,0,0.0,9278.43824199204,TSLA_151-151
738,607.63,577.83,1,0,0,0,8887.762504145816,9278.43824199204,TSLA_101-201
739,607.63,577.83,1,0,0,0,8887.762504145816,9278.43824199204,TSLA_151-251
740,607.63,29.74,3,3,0,0,267.5651571070843,9278.43824199204,TSLA_151-1
741,607.63,7.8,1,1,0,0,8.604594877388816,9278.43824199204,TSLA_151-51
742,607.63,577.83,1,0,0,0,8887.762504145816,9278.43824199204,TSLA_151-201
743,607.63,7.8,1,1,0,0,8.604594877388816,9278.43824199204,TSLA_201-151
744,607.63,7.8,1,1,0,0,8.604594877388816,9278.43824199204,TSLA_151-101
745,607.63,0.0,0,0,0,0,0.0,9278.43824199204,TSLA_201-201
746,607.63,577.83,1,0,0,0,8887.762504145816,9278.43824199204,TSLA_201-251
747,607.63,7.8,1,1,0,0,8.604594877388816,9278.43824199204,TSLA_201-1
748,607.63,7.8,1,1,0,0,8.604594877388816,9278.43824199204,TSLA_201-101
749,607.63,7.8,1,1,0,0,8.604594877388816,9278.43824199204,TSLA_201-51
750,607.63,7.8,1,1,0,0,8.604594877388816,9278.43824199204,TSLA_251-1
751,607.63,7.8,1,1,0,0,8.604594877388816,9278.43824199204,TSLA_251-51
752,607.63,7.8,1,1,0,0,8.604594877388816,9278.43824199204,TSLA_251-201
753,607.63,0.0,0,0,0,0,0.0,9278.43824199204,TSLA_251-251
754,607.63,7.8,1,1,0,0,8.604594877388816,9278.43824199204,TSLA_251-101
755,607.63,7.8,1,1,0,0,8.604594877388816,9278.43824199204,TSLA_301-101
756,607.63,7.8,1,1,0,0,8.604594877388816,9278.43824199204,TSLA_301-201
757,607.63,7.8,1,1,0,0,8.604594877388816,9278.43824199204,TSLA_301-51
758,607.63,7.8,1,1,0,0,8.604594877388816,9278.43824199204,TSLA_301-1
759,607.63,7.8,1,1,0,0,8.604594877388816,9278.43824199204,TSLA_251-151
760,607.63,7.8,1,1,0,0,8.604594877388816,9278.43824199204,TSLA_301-151
761,607.63,7.8,1,1,0,0,8.604594877388816,9278.43824199204,TSLA_301-251
762,607.63,7.8,1,1,0,0,8.604594877388816,9278.43824199204,TSLA_351-101
763,607.63,7.8,1,1,0,0,8.604594877388816,9278.43824199204,TSLA_351-51
764,607.63,7.8,1,1,0,0,8.604594877388816,9278.43824199204,TSLA_351-1
765,607.63,7.8,1,1,0,0,8.604594877388816,9278.43824199204,TSLA_351-151
766,607.63,7.8,1,1,0,0,8.604594877388816,9278.43824199204,TSLA_351-251
767,607.63,7.8,1,1,0,0,8.604594877388816,9278.43824199204,TSLA_351-201
768,607.63,7.8,1,1,0,0,8.604594877388816,9278.43824199204,TSLA_401-1
769,607.63,7.8,1,1,0,0,8.604594877388816,9278.43824199204,TSLA_401-151
770,607.63,7.8,1,1,0,0,8.604594877388816,9278.43824199204,TSLA_401-51
771,607.63,7.8,1,1,0,0,8.604594877388816,9278.43824199204,TSLA_451-51
772,607.63,7.8,1,1,0,0,8.604594877388816,9278.43824199204,TSLA_451-101
773,607.63,7.8,1,1,0,0,8.604594877388816,9278.43824199204,TSLA_401-101
774,607.63,7.8,1,1,0,0,8.604594877388816,9278.43824199204,TSLA_451-1
775,607.63,7.8,1,1,0,0,8.604594877388816,9278.43824199204,TSLA_401-251
776,607.63,7.8,1,1,0,0,8.604594877388816,9278.43824199204,TSLA_401-201
777,607.63,7.8,1,1,0,0,8.604594877388816,9278.43824199204,TSLA_451-151
778,607.63,7.8,1,1,0,0,8.604594877388816,9278.43824199204,TSLA_451-251
779,607.63,7.8,1,1,0,0,8.604594877388816,9278.43824199204,TSLA_451-201
780,91.02,89.42,1,0,0,0,1295.3966707019956,1306.2875650562532,UNH_1-51
781,91.02,89.42,1,0,0,0,1295.3966707019956,1306.2875650562532,UNH_1-101
782,91.02,0.0,0,0,0,0,0.0,1306.2875650562532,UNH_1-1
783,91.02,89.42,1,0,0,0,1295.3966707019956,1306.2875650562532,UNH_1-201
784,91.02,89.42,1,0,0,0,1295.3966707019956,1306.2875650562532,UNH_1-151
785,91.02,89.42,1,0,0,0,1295.3966707019956,1306.2875650562532,UNH_1-251
786,91.02,0.0,0,0,0,0,0.0,1306.2875650562532,UNH_51-51
787,91.02,0.0,0,0,0,0,0.0,1306.2875650562532,UNH_101-1
788,91.02,0.0,0,0,0,0,0.0,1306.2875650562532,UNH_51-1
789,91.02,89.42,1,0,0,0,1295.3966707019956,1306.2875650562532,UNH_51-201
790,91.02,89.42,1,0,0,0,1295.3966707019956,1306.2875650562532,UNH_51-151
791,91.02,0.0,0,0,0,0,0.0,1306.2875650562532,UNH_101-51
792,91.02,89.42,1,0,0,0,1295.3966707019956,1306.2875650562532,UNH_51-101
793,91.02,0.0,0,0,0,0,0.0,1306.2875650562532,UNH_101-101
794,91.02,89.42,1,0,0,0,1295.3966707019956,1306.2875650562532,UNH_101-151
795,91.02,89.42,1,0,0,0,1295.3966707019956,1306.2875650562532,UNH_101-251
796,91.02,89.42,1,0,0,0,1295.3966707019956,1306.2875650562532,UNH_51-251
797,91.02,0.0,0,0,0,0,0.0,1306.2875650562532,UNH_151-51
798,91.02,0.0,0,0,0,0,0.0,1306.2875650562532,UNH_151-151
799,91.02,0.0,0,0,0,0,0.0,1306.2875650562532,UNH_151-1
800,91.02,89.42,1,0,0,0,1295.3966707019956,1306.2875650562532,UNH_101-201
801,91.02,89.42,1,0,0,0,1295.3966707019956,1306.2875650562532,UNH_151-201
802,91.02,89.42,1,0,0,0,1295.3966707019956,1306.2875650562532,UNH_151-251
803,91.02,0.0,0,0,0,0,0.0,1306.2875650562532,UNH_201-1
804,91.02,0.0,0,0,0,0,0.0,1306.2875650562532,UNH_201-51
805,91.02,0.0,0,0,0,0,0.0,1306.2875650562532,UNH_201-151
806,91.02,89.42,1,0,0,0,1295.3966707019956,1306.2875650562532,UNH_201-251
807,91.02,0.0,0,0,0,0,0.0,1306.2875650562532,UNH_201-101
808,91.02,0.0,0,0,0,0,0.0,1306.2875650562532,UNH_201-201
809,91.02,0.0,0,0,0,0,0.0,1306.2875650562532,UNH_251-1
810,91.02,0.0,0,0,0,0,0.0,1306.2875650562532,UNH_151-101
811,91.02,0.0,0,0,0,0,0.0,1306.2875650562532,UNH_251-101
812,91.02,0.0,0,0,0,0,0.0,1306.2875650562532,UNH_251-51
813,91.02,0.0,0,0,0,0,0.0,1306.2875650562532,UNH_251-251
814,91.02,0.0,0,0,0,0,0.0,1306.2875650562532,UNH_301-51
815,91.02,0.0,0,0,0,0,0.0,1306.2875650562532,UNH_251-201
816,91.02,0.0,0,0,0,0,0.0,1306.2875650562532,UNH_301-1
817,91.02,0.0,0,0,0,0,0.0,1306.2875650562532,UNH_301-151
818,91.02,0.0,0,0,0,0,0.0,1306.2875650562532,UNH_301-101
819,91.02,0.0,0,0,0,0,0.0,1306.2875650562532,UNH_251-151
820,91.02,0.0,0,0,0,0,0.0,1306.2875650562532,UNH_351-1
821,91.02,0.0,0,0,0,0,0.0,1306.2875650562532,UNH_301-251
822,91.02,0.0,0,0,0,0,0.0,1306.2875650562532,UNH_351-201
823,91.02,0.0,0,0,0,0,0.0,1306.2875650562532,UNH_351-151
824,91.02,0.0,0,0,0,0,0.0,1306.2875650562532,UNH_351-101
825,91.02,0.0,0,0,0,0,0.0,1306.2875650562532,UNH_301-201
826,91.02,0.0,0,0,0,0,0.0,1306.2875650562532,UNH_401-51
827,91.02,0.0,0,0,0,0,0.0,1306.2875650562532,UNH_351-51
828,91.02,0.0,0,0,0,0,0.0,1306.2875650562532,UNH_351-251
829,91.02,0.0,0,0,0,0,0.0,1306.2875650562532,UNH_401-1
830,91.02,0.0,0,0,0,0,0.0,1306.2875650562532,UNH_401-151
831,91.02,0.0,0,0,0,0,0.0,1306.2875650562532,UNH_401-201
832,91.02,0.0,0,0,0,0,0.0,1306.2875650562532,UNH_401-101
833,91.02,0.0,0,0,0,0,0.0,1306.2875650562532,UNH_451-1
834,91.02,0.0,0,0,0,0,0.0,1306.2875650562532,UNH_401-251
835,91.02,0.0,0,0,0,0,0.0,1306.2875650562532,UNH_451-51
836,91.02,0.0,0,0,0,0,0.0,1306.2875650562532,UNH_451-101
837,91.02,0.0,0,0,0,0,0.0,1306.2875650562532,UNH_451-201
838,91.02,0.0,0,0,0,0,0.0,1306.2875650562532,UNH_451-251
839,91.02,0.0,0,0,0,0,0.0,1306.2875650562532,UNH_451-151
840,22.98,9.69,3,2,0,0,465.2908331162746,454.6070468357016,V_1-251
841,22.98,1.71,4,3,0,0,496.6284719896736,454.6070468357016,V_1-151
842,22.98,22.32,1,0,0,0,452.15128979068845,454.6070468357016,V_51-101
843,22.98,5.7,3,2,0,0,479.6444511296959,454.6070468357016,V_1-201
844,22.98,-4.75,7,6,0,0,441.3137054727227,454.6070468357016,V_1-101
845,22.98,0.0,0,0,0,0,0.0,454.6070468357016,V_1-1
846,22.98,-17.81,10,10,0,0,514.4521276999031,454.6070468357016,V_1-51
847,22.98,0.0,0,0,0,0,0.0,454.6070468357016,V_51-51
848,22.98,22.32,1,0,0,0,452.15128979068845,454.6070468357016,V_51-151
849,22.98,43.27,10,9,0,0,574.0466716047999,454.6070468357016,V_51-1
850,22.98,25.37,6,6,0,0,272.8513144621582,454.6070468357016,V_101-1
851,22.98,22.32,1,0,0,0,452.15128979068845,454.6070468357016,V_51-201
852,22.98,0.0,0,0,0,0,0.0,454.6070468357016,V_101-51
853,22.98,22.32,1,0,0,0,452.15128979068845,454.6070468357016,V_51-251
854,22.98,0.0,0,0,0,0,0.0,454.6070468357016,V_101-101
855,22.98,22.32,1,0,0,0,452.15128979068845,454.6070468357016,V_101-151
856,22.98,22.32,1,0,0,0,452.15128979068845,454.6070468357016,V_151-201
857,22.98,22.32,1,0,0,0,452.15128979068845,454.6070468357016,V_101-251
858,22.98,0.0,0,0,0,0,0.0,454.6070468357016,V_151-151
859,22.98,22.32,1,0,0,0,452.15128979068845,454.6070468357016,V_101-201
860,22.98,18.83,3,3,0,0,247.47041282120392,454.6070468357016,V_151-1
861,22.98,14.8,2,2,0,0,186.1899965137373,454.6070468357016,V_201-1
862,22.98,0.0,0,0,0,0,0.0,454.6070468357016,V_151-51
863,22.98,0.0,0,0,0,0,0.0,454.6070468357016,V_151-101
864,22.98,0.0,0,0,0,0,0.0,454.6070468357016,V_201-101
865,22.98,0.0,0,0,0,0,0.0,454.6070468357016,V_201-151
866,22.98,22.32,1,0,0,0,452.15128979068845,454.6070468357016,V_151-251
867,22.98,0.0,0,0,0,0,0.0,454.6070468357016,V_201-51
868,22.98,0.0,0,0,0,0,0.0,454.6070468357016,V_201-201
869,22.98,10.62,2,2,0,0,138.1233680101112,454.6070468357016,V_251-1
870,22.98,22.32,1,0,0,0,452.15128979068845,454.6070468357016,V_201-251
871,22.98,0.0,0,0,0,0,0.0,454.6070468357016,V_301-101
872,22.98,0.0,0,0,0,0,0.0,454.6070468357016,V_251-201
873,22.98,0.0,0,0,0,0,0.0,454.6070468357016,V_251-151
874,22.98,0.0,0,0,0,0,0.0,454.6070468357016,V_251-101
875,22.98,0.0,0,0,0,0,0.0,454.6070468357016,V_301-51
876,22.98,0.0,0,0,0,0,0.0,454.6070468357016,V_251-51
877,22.98,0.0,0,0,0,0,0.0,454.6070468357016,V_301-151
878,22.98,0.0,0,0,0,0,0.0,454.6070468357016,V_251-251
879,22.98,8.85,2,2,0,0,117.363936006884,454.6070468357016,V_301-1
880,22.98,0.0,0,0,0,0,0.0,454.6070468357016,V_301-251
881,22.98,0.0,0,0,0,0,0.0,454.6070468357016,V_351-1
882,22.98,0.0,0,0,0,0,0.0,454.6070468357016,V_301-201
883,22.98,0.0,0,0,0,0,0.0,454.6070468357016,V_351-51
884,22.98,0.0,0,0,0,0,0.0,454.6070468357016,V_351-201
885,22.98,0.0,0,0,0,0,0.0,454.6070468357016,V_351-101
886,22.98,0.0,0,0,0,0,0.0,454.6070468357016,V_401-51
887,22.98,0.0,0,0,0,0,0.0,454.6070468357016,V_351-251
888,22.98,0.0,0,0,0,0,0.0,454.6070468357016,V_351-151
889,22.98,0.0,0,0,0,0,0.0,454.6070468357016,V_401-151
890,22.98,0.0,0,0,0,0,0.0,454.6070468357016,V_401-1
891,22.98,0.0,0,0,0,0,0.0,454.6070468357016,V_401-251
892,22.98,0.0,0,0,0,0,0.0,454.6070468357016,V_401-101
893,22.98,0.0,0,0,0,0,0.0,454.6070468357016,V_451-51
894,22.98,0.0,0,0,0,0,0.0,454.6070468357016,V_401-201
895,22.98,0.0,0,0,0,0,0.0,454.6070468357016,V_451-1
896,22.98,0.0,0,0,0,0,0.0,454.6070468357016,V_451-101
897,22.98,0.0,0,0,0,0,0.0,454.6070468357016,V_451-151
898,22.98,0.0,0,0,0,0,0.0,454.6070468357016,V_451-201
899,22.98,0.0,0,0,0,0,0.0,454.6070468357016,V_451-251
