Buy and Hold,Strategy,Longs,Sells,Shorts,Covers,Stdev_Strategy,Stdev_Hold,Stock
96.68,0.0,0,0,0,0,0.0,1302.1708446436917,UNH_0-0
96.68,31.48,3,2,0,0,419.0250094247477,1302.1708446436917,UNH_3-10
96.68,0.0,0,0,0,0,0.0,1302.1708446436917,UNH_0-25
96.68,9.57,8,7,0,0,221.9398021164776,1302.1708446436917,UNH_4-5
96.68,46.69,2,1,0,0,693.6607936858909,1302.1708446436917,UNH_1-20
96.68,0.0,0,0,0,0,0.0,1302.1708446436917,UNH_5-25
96.68,0.0,0,0,0,0,0.0,1302.1708446436917,UNH_5-0
96.68,36.81,2,1,0,0,515.5901593640735,1302.1708446436917,UNH_2-15
96.68,19.29,5,4,0,0,284.3473269828674,1302.1708446436917,UNH_8-10
96.68,0.0,0,0,0,0,0.0,1302.1708446436917,UNH_10-0
96.68,43.25,5,5,0,0,697.4640208713973,1302.1708446436917,UNH_9-5
96.68,0.0,0,0,0,0,0.0,1302.1708446436917,UNH_7-15
96.68,0.0,0,0,0,0,0.0,1302.1708446436917,UNH_11-20
96.68,25.87,2,1,0,0,355.461715945686,1302.1708446436917,UNH_3-11
96.68,0.0,0,0,0,0,0.0,1302.1708446436917,UNH_10-25
96.68,0.0,0,0,0,0,0.0,1302.1708446436917,UNH_0-26
96.68,0.0,0,0,0,0,0.0,1302.1708446436917,UNH_5-26
96.68,0.0,0,0,0,0,0.0,1302.1708446436917,UNH_6-20
96.68,8.66,7,6,0,0,216.38767784873647,1302.1708446436917,UNH_4-6
96.68,0.0,0,0,0,0,0.0,1302.1708446436917,UNH_0-1
96.68,59.26,2,1,0,0,894.1460650824936,1302.1708446436917,UNH_1-21
96.68,35.73,2,1,0,0,503.11231722012155,1302.1708446436917,UNH_2-16
96.68,50.45,7,7,0,0,802.6986159068031,1302.1708446436917,UNH_9-6
96.68,54.29,10,10,0,0,780.9660327684769,1302.1708446436917,UNH_5-1
96.68,38.69,5,5,0,0,511.82223384293496,1302.1708446436917,UNH_10-1
96.68,0.0,0,0,0,0,0.0,1302.1708446436917,UNH_11-21
96.68,0.0,0,0,0,0,0.0,1302.1708446436917,UNH_7-16
96.68,38.26,4,3,0,0,643.9471861982026,1302.1708446436917,UNH_8-11
96.68,0.0,0,0,0,0,0.0,1302.1708446436917,UNH_0-27
96.68,28.8,2,1,0,0,383.5833174250441,1302.1708446436917,UNH_3-12
96.68,0.0,0,0,0,0,0.0,1302.1708446436917,UNH_10-26
96.68,0.0,0,0,0,0,0.0,1302.1708446436917,UNH_5-27
96.68,24.86,6,5,0,0,290.2927289786122,1302.1708446436917,UNH_4-7
96.68,0.0,0,0,0,0,0.0,1302.1708446436917,UNH_0-2
96.68,0.0,0,0,0,0,0.0,1302.1708446436917,UNH_6-21
96.68,56.1,9,9,0,0,868.2439206386321,1302.1708446436917,UNH_9-7
96.68,47.56,8,8,0,0,771.9795801661185,1302.1708446436917,UNH_5-2
96.68,31.51,1,0,0,0,417.37458681510645,1302.1708446436917,UNH_1-22
96.68,43.67,6,6,0,0,670.4294919034759,1302.1708446436917,UNH_10-2
96.68,38.7,2,1,0,0,551.0384361587797,1302.1708446436917,UNH_2-17
96.68,52.46,1,0,0,0,765.6072891502928,1302.1708446436917,UNH_8-12
96.68,0.0,0,0,0,0,0.0,1302.1708446436917,UNH_0-28
96.68,0.0,0,0,0,0,0.0,1302.1708446436917,UNH_11-22
96.68,27.61,2,1,0,0,362.9194578863061,1302.1708446436917,UNH_3-13
96.68,0.0,0,0,0,0,0.0,1302.1708446436917,UNH_10-27
96.68,0.0,0,0,0,0,0.0,1302.1708446436917,UNH_7-17
96.68,0.0,0,0,0,0,0.0,1302.1708446436917,UNH_0-3
96.68,19.18,5,4,0,0,270.07752519604276,1302.1708446436917,UNH_4-8
96.68,0.0,0,0,0,0,0.0,1302.1708446436917,UNH_6-22
96.68,42.29,8,8,0,0,693.6319297993373,1302.1708446436917,UNH_9-8
96.68,50.47,8,8,0,0,925.1299838436469,1302.1708446436917,UNH_5-3
96.68,0.0,0,0,0,0,0.0,1302.1708446436917,UNH_5-28
96.68,0.0,0,0,0,0,0.0,1302.1708446436917,UNH_1-23
96.68,29.43,3,3,0,0,579.4254811705707,1302.1708446436917,UNH_10-3
96.68,0.0,0,0,0,0,0.0,1302.1708446436917,UNH_0-29
96.68,40.59,2,1,0,0,583.3557327711947,1302.1708446436917,UNH_2-18
96.68,48.35,1,0,0,0,693.7997211510757,1302.1708446436917,UNH_8-13
96.68,0.0,0,0,0,0,0.0,1302.1708446436917,UNH_11-23
96.68,32.4,2,1,0,0,443.335434167343,1302.1708446436917,UNH_3-14
96.68,0.0,0,0,0,0,0.0,1302.1708446436917,UNH_7-18
96.68,0.0,0,0,0,0,0.0,1302.1708446436917,UNH_6-23
96.68,0.0,0,0,0,0,0.0,1302.1708446436917,UNH_0-4
96.68,0.0,0,0,0,0,0.0,1302.1708446436917,UNH_5-29
96.68,16.52,5,4,0,0,286.31471567377326,1302.1708446436917,UNH_4-9
96.68,0.0,0,0,0,0,0.0,1302.1708446436917,UNH_1-24
96.68,0.0,0,0,0,0,0.0,1302.1708446436917,UNH_9-9
96.68,67.56,8,8,0,0,1177.5598085109177,1302.1708446436917,UNH_5-4
96.68,31.52,2,2,0,0,631.6945067083482,1302.1708446436917,UNH_10-4
96.68,0.0,0,0,0,0,0.0,1302.1708446436917,UNH_10-28
96.68,54.6,2,1,0,0,815.7467176832154,1302.1708446436917,UNH_2-19
96.68,0.0,0,0,0,0,0.0,1302.1708446436917,UNH_11-24
96.68,0.0,0,0,0,0,0.0,1302.1708446436917,UNH_7-19
96.68,32.63,2,1,0,0,450.49103805512766,1302.1708446436917,UNH_3-15
96.68,0.0,0,0,0,0,0.0,1302.1708446436917,UNH_8-14
96.68,0.0,0,0,0,0,0.0,1302.1708446436917,UNH_6-24
96.68,0.0,0,0,0,0,0.0,1302.1708446436917,UNH_6-0
96.68,0.0,0,0,0,0,0.0,1302.1708446436917,UNH_0-5
96.68,32.74,8,7,0,0,471.743098111402,1302.1708446436917,UNH_9-10
96.68,25.93,2,1,0,0,335.6532154313736,1302.1708446436917,UNH_4-10
96.68,0.0,0,0,0,0,0.0,1302.1708446436917,UNH_1-0
96.68,34.07,3,3,0,0,608.986127514207,1302.1708446436917,UNH_10-5
96.68,0.0,0,0,0,0,0.0,1302.1708446436917,UNH_10-29
96.68,0.0,0,0,0,0,0.0,1302.1708446436917,UNH_1-25
96.68,0.0,0,0,0,0,0.0,1302.1708446436917,UNH_5-5
96.68,0.0,0,0,0,0,0.0,1302.1708446436917,UNH_11-25
96.68,54.64,2,1,0,0,813.7448151776802,1302.1708446436917,UNH_2-20
96.68,0.0,0,0,0,0,0.0,1302.1708446436917,UNH_7-20
96.68,0.0,0,0,0,0,0.0,1302.1708446436917,UNH_6-25
96.68,34.95,2,1,0,0,494.5350904851432,1302.1708446436917,UNH_3-16
96.68,48.57,4,3,0,0,790.5278522117985,1302.1708446436917,UNH_9-11
96.68,0.0,0,0,0,0,0.0,1302.1708446436917,UNH_8-15
96.68,42.85,9,9,0,0,661.0909466270541,1302.1708446436917,UNH_6-1
96.68,28.04,2,1,0,0,361.7785956569854,1302.1708446436917,UNH_4-11
96.68,0.0,0,0,0,0,0.0,1302.1708446436917,UNH_0-6
96.68,0.0,0,0,0,0,0.0,1302.1708446436917,UNH_1-1
96.68,31.45,5,5,0,0,510.0764852372685,1302.1708446436917,UNH_10-6
96.68,0.0,0,0,0,0,0.0,1302.1708446436917,UNH_11-0
96.68,0.0,0,0,0,0,0.0,1302.1708446436917,UNH_11-26
96.68,0.0,0,0,0,0,0.0,1302.1708446436917,UNH_1-26
96.68,0.0,0,0,0,0,0.0,1302.1708446436917,UNH_8-16
96.68,0.0,0,0,0,0,0.0,1302.1708446436917,UNH_7-21
96.68,0.0,0,0,0,0,0.0,1302.1708446436917,UNH_0-7
96.68,40.22,2,1,0,0,572.097566736993,1302.1708446436917,UNH_3-17
96.68,0.0,0,0,0,0,0.0,1302.1708446436917,UNH_6-26
96.68,31.68,8,7,0,0,381.0731075761817,1302.1708446436917,UNH_5-6
96.68,0.0,0,0,0,0,0.0,1302.1708446436917,UNH_2-21
96.68,42.72,2,1,0,0,668.0172681114434,1302.1708446436917,UNH_9-12
96.68,53.92,7,7,0,0,832.5045839703494,1302.1708446436917,UNH_6-2
96.68,33.18,2,1,0,0,437.26573881607703,1302.1708446436917,UNH_4-12
96.68,26.47,6,6,0,0,408.2510058061062,1302.1708446436917,UNH_10-7
96.68,27.3,4,4,0,0,387.846698193492,1302.1708446436917,UNH_11-1
96.68,0.0,0,0,0,0,0.0,1302.1708446436917,UNH_11-27
96.68,0.0,0,0,0,0,0.0,1302.1708446436917,UNH_1-27
96.68,0.0,0,0,0,0,0.0,1302.1708446436917,UNH_8-17
96.68,0.0,0,0,0,0,0.0,1302.1708446436917,UNH_0-8
96.68,0.0,0,0,0,0,0.0,1302.1708446436917,UNH_7-22
96.68,39.5,2,1,0,0,549.3433605596341,1302.1708446436917,UNH_3-18
96.68,20.19,18,17,0,0,418.42844685125607,1302.1708446436917,UNH_1-2
96.68,0.0,0,0,0,0,0.0,1302.1708446436917,UNH_6-27
96.68,22.71,7,6,0,0,291.13129907234173,1302.1708446436917,UNH_5-7
96.68,0.0,0,0,0,0,0.0,1302.1708446436917,UNH_2-22
96.68,46.26,1,0,0,0,658.0961318563143,1302.1708446436917,UNH_9-13
96.68,51.16,7,7,0,0,909.4311322562131,1302.1708446436917,UNH_6-3
96.68,34.73,5,5,0,0,591.7992913697268,1302.1708446436917,UNH_10-8
96.68,34.68,2,1,0,0,460.67125886556505,1302.1708446436917,UNH_4-13
96.68,0.0,0,0,0,0,0.0,1302.1708446436917,UNH_11-28
96.68,0.0,0,0,0,0,0.0,1302.1708446436917,UNH_0-9
96.68,29.37,4,4,0,0,552.5720809394041,1302.1708446436917,UNH_11-2
96.68,0.0,0,0,0,0,0.0,1302.1708446436917,UNH_1-28
96.68,0.0,0,0,0,0,0.0,1302.1708446436917,UNH_7-23
96.68,0.0,0,0,0,0,0.0,1302.1708446436917,UNH_9-14
96.68,0.0,0,0,0,0,0.0,1302.1708446436917,UNH_6-28
96.68,0.0,0,0,0,0,0.0,1302.1708446436917,UNH_8-18
96.68,0.0,0,0,0,0,0.0,1302.1708446436917,UNH_3-19
96.68,0.0,0,0,0,0,0.0,1302.1708446436917,UNH_2-23
96.68,9.72,14,13,0,0,321.6042580237981,1302.1708446436917,UNH_1-3
96.68,16.96,6,5,0,0,269.12330698583804,1302.1708446436917,UNH_5-8
96.68,30.71,8,8,0,0,531.8078431425835,1302.1708446436917,UNH_10-9
96.68,0.0,0,0,0,0,0.0,1302.1708446436917,UNH_11-29
96.68,30.5,2,2,0,0,610.419685832697,1302.1708446436917,UNH_11-3
96.68,36.97,2,1,0,0,498.5202743727967,1302.1708446436917,UNH_4-14
96.68,59.42,7,7,0,0,1115.2162066852784,1302.1708446436917,UNH_6-4
96.68,0.0,0,0,0,0,0.0,1302.1708446436917,UNH_0-10
96.68,0.0,0,0,0,0,0.0,1302.1708446436917,UNH_1-29
96.68,0.0,0,0,0,0,0.0,1302.1708446436917,UNH_7-24
96.68,0.0,0,0,0,0,0.0,1302.1708446436917,UNH_8-19
96.68,0.0,0,0,0,0,0.0,1302.1708446436917,UNH_3-20
96.68,0.0,0,0,0,0,0.0,1302.1708446436917,UNH_6-29
96.68,0.0,0,0,0,0,0.0,1302.1708446436917,UNH_2-24
96.68,0.0,0,0,0,0,0.0,1302.1708446436917,UNH_9-15
96.68,9.37,13,12,0,0,278.9576443279631,1302.1708446436917,UNH_1-4
96.68,14.81,5,4,0,0,259.48275938504247,1302.1708446436917,UNH_5-9
96.68,0.0,0,0,0,0,0.0,1302.1708446436917,UNH_12-0
96.68,0.0,0,0,0,0,0.0,1302.1708446436917,UNH_10-10
96.68,29.74,2,2,0,0,597.3214216875419,1302.1708446436917,UNH_11-4
96.68,33.26,8,8,0,0,635.9636861451843,1302.1708446436917,UNH_6-5
96.68,0.0,0,0,0,0,0.0,1302.1708446436917,UNH_2-0
96.68,38.28,2,1,0,0,520.8811339917736,1302.1708446436917,UNH_4-15
96.68,0.0,0,0,0,0,0.0,1302.1708446436917,UNH_3-21
96.68,0.0,0,0,0,0,0.0,1302.1708446436917,UNH_0-11
96.68,0.0,0,0,0,0,0.0,1302.1708446436917,UNH_7-25
96.68,0.0,0,0,0,0,0.0,1302.1708446436917,UNH_7-0
96.68,0.0,0,0,0,0,0.0,1302.1708446436917,UNH_9-16
96.68,0.0,0,0,0,0,0.0,1302.1708446436917,UNH_2-25
96.68,0.0,0,0,0,0,0.0,1302.1708446436917,UNH_8-20
96.68,25.74,4,4,0,0,366.1772532449245,1302.1708446436917,UNH_12-1
96.68,13.89,11,10,0,0,308.7324818310937,1302.1708446436917,UNH_1-5
96.68,23.17,3,2,0,0,328.3627642337485,1302.1708446436917,UNH_5-10
96.68,63.74,7,6,0,0,979.6831675880932,1302.1708446436917,UNH_10-11
96.68,31.5,2,2,0,0,635.2259918035654,1302.1708446436917,UNH_11-5
96.68,0.0,0,0,0,0,0.0,1302.1708446436917,UNH_6-6
96.68,38.8,2,1,0,0,530.9659135251042,1302.1708446436917,UNH_4-16
96.68,49.79,17,17,0,0,659.3294641241165,1302.1708446436917,UNH_2-1
96.68,0.0,0,0,0,0,0.0,1302.1708446436917,UNH_3-22
96.68,0.0,0,0,0,0,0.0,1302.1708446436917,UNH_7-26
96.68,0.0,0,0,0,0,0.0,1302.1708446436917,UNH_0-12
96.68,0.0,0,0,0,0,0.0,1302.1708446436917,UNH_2-26
96.68,0.0,0,0,0,0,0.0,1302.1708446436917,UNH_9-17
96.68,29.53,8,8,0,0,459.2037254873763,1302.1708446436917,UNH_7-1
96.68,0.0,0,0,0,0,0.0,1302.1708446436917,UNH_8-21
96.68,24.49,3,3,0,0,468.87331145019914,1302.1708446436917,UNH_12-2
96.68,25.6,2,1,0,0,319.06838913238033,1302.1708446436917,UNH_5-11
96.68,50.56,3,2,0,0,749.7686856538462,1302.1708446436917,UNH_10-12
96.68,12.04,1,1,0,0,295.7853090794361,1302.1708446436917,UNH_11-6
96.68,22.93,10,9,0,0,369.3011148678072,1302.1708446436917,UNH_1-6
96.68,39.58,9,8,0,0,634.3252146711027,1302.1708446436917,UNH_6-7
96.68,0.0,0,0,0,0,0.0,1302.1708446436917,UNH_2-2
96.68,0.0,0,0,0,0,0.0,1302.1708446436917,UNH_3-23
96.68,49.74,3,2,0,0,720.373963612824,1302.1708446436917,UNH_4-17
96.68,0.0,0,0,0,0,0.0,1302.1708446436917,UNH_7-27
96.68,0.0,0,0,0,0,0.0,1302.1708446436917,UNH_8-22
96.68,0.0,0,0,0,0,0.0,1302.1708446436917,UNH_0-13
96.68,0.0,0,0,0,0,0.0,1302.1708446436917,UNH_2-27
96.68,0.0,0,0,0,0,0.0,1302.1708446436917,UNH_9-18
96.68,29.27,2,2,0,0,585.7244124335853,1302.1708446436917,UNH_12-3
96.68,61.99,6,6,0,0,910.6731708932546,1302.1708446436917,UNH_7-2
96.68,43.52,1,0,0,0,612.0280830458171,1302.1708446436917,UNH_5-12
96.68,12.08,3,3,0,0,228.95710363994408,1302.1708446436917,UNH_11-7
96.68,45.96,1,0,0,0,652.9213242421092,1302.1708446436917,UNH_10-13
96.68,31.63,8,7,0,0,500.33990196249897,1302.1708446436917,UNH_1-7
96.68,0.0,0,0,0,0,0.0,1302.1708446436917,UNH_3-24
96.68,31.36,9,8,0,0,614.2530352772841,1302.1708446436917,UNH_6-8
96.68,0.0,0,0,0,0,0.0,1302.1708446436917,UNH_4-18
96.68,0.0,0,0,0,0,0.0,1302.1708446436917,UNH_7-28
96.68,0.0,0,0,0,0,0.0,1302.1708446436917,UNH_8-23
96.68,0.0,0,0,0,0,0.0,1302.1708446436917,UNH_0-14
96.68,17.76,12,11,0,0,349.3784960208654,1302.1708446436917,UNH_2-3
96.68,0.0,0,0,0,0,0.0,1302.1708446436917,UNH_2-28
96.68,25.48,2,2,0,0,522.0504873334041,1302.1708446436917,UNH_12-4
96.68,0.0,0,0,0,0,0.0,1302.1708446436917,UNH_9-19
96.68,43.41,1,0,0,0,610.2774493530009,1302.1708446436917,UNH_5-13
96.68,53.9,5,5,0,0,899.5371189707375,1302.1708446436917,UNH_7-3
96.68,20.32,8,7,0,0,363.62794915594617,1302.1708446436917,UNH_1-8
96.68,17.19,4,4,0,0,268.7225458243351,1302.1708446436917,UNH_11-8
96.68,0.0,0,0,0,0,0.0,1302.1708446436917,UNH_3-25
96.68,0.0,0,0,0,0,0.0,1302.1708446436917,UNH_10-14
96.68,11.75,7,6,0,0,241.7218748557265,1302.1708446436917,UNH_6-9
96.68,18.47,10,9,0,0,382.3815634532543,1302.1708446436917,UNH_2-4
96.68,0.0,0,0,0,0,0.0,1302.1708446436917,UNH_8-24
96.68,0.0,0,0,0,0,0.0,1302.1708446436917,UNH_0-15
96.68,0.0,0,0,0,0,0.0,1302.1708446436917,UNH_7-29
96.68,0.0,0,0,0,0,0.0,1302.1708446436917,UNH_2-29
96.68,0.0,0,0,0,0,0.0,1302.1708446436917,UNH_4-19
96.68,12.26,1,1,0,0,300.7688065103396,1302.1708446436917,UNH_12-5
96.68,0.0,0,0,0,0,0.0,1302.1708446436917,UNH_9-20
96.68,43.49,1,0,0,0,611.4657175803208,1302.1708446436917,UNH_5-14
96.68,41.41,6,6,0,0,855.0437634937975,1302.1708446436917,UNH_7-4
96.68,10.2,4,4,0,0,198.750695167753,1302.1708446436917,UNH_11-9
96.68,0.0,0,0,0,0,0.0,1302.1708446436917,UNH_10-15
96.68,0.0,0,0,0,0,0.0,1302.1708446436917,UNH_3-26
96.68,25.19,6,5,0,0,458.9770741585867,1302.1708446436917,UNH_1-9
96.68,0.0,0,0,0,0,0.0,1302.1708446436917,UNH_8-0
96.68,0.0,0,0,0,0,0.0,1302.1708446436917,UNH_8-25
96.68,0.0,0,0,0,0,0.0,1302.1708446436917,UNH_0-16
96.68,23.12,8,7,0,0,330.4488539025167,1302.1708446436917,UNH_2-5
96.68,23.98,5,4,0,0,393.44384759021517,1302.1708446436917,UNH_6-10
96.68,0.0,0,0,0,0,0.0,1302.1708446436917,UNH_3-0
96.68,9.63,1,1,0,0,237.21594435111058,1302.1708446436917,UNH_12-6
96.68,0.0,0,0,0,0,0.0,1302.1708446436917,UNH_4-20
96.68,0.0,0,0,0,0,0.0,1302.1708446436917,UNH_9-21
96.68,45.99,1,0,0,0,653.5724895695274,1302.1708446436917,UNH_5-15
96.68,6.56,7,7,0,0,156.9402398661778,1302.1708446436917,UNH_11-10
96.68,45.78,7,7,0,0,784.0627205839902,1302.1708446436917,UNH_7-5
96.68,0.0,0,0,0,0,0.0,1302.1708446436917,UNH_10-16
96.68,0.0,0,0,0,0,0.0,1302.1708446436917,UNH_8-26
96.68,46.81,8,8,0,0,697.216641808165,1302.1708446436917,UNH_8-1
96.68,31.46,5,4,0,0,632.9504510533284,1302.1708446436917,UNH_1-10
96.68,0.0,0,0,0,0,0.0,1302.1708446436917,UNH_0-17
96.68,47.36,1,0,0,0,677.3420400695284,1302.1708446436917,UNH_6-11
96.68,13.86,8,7,0,0,271.49492271370417,1302.1708446436917,UNH_2-6
96.68,62.71,14,14,0,0,903.1448618520504,1302.1708446436917,UNH_3-1
96.68,0.0,0,0,0,0,0.0,1302.1708446436917,UNH_9-22
96.68,0.0,0,0,0,0,0.0,1302.1708446436917,UNH_3-27
96.68,7.23,2,2,0,0,179.3405642012401,1302.1708446436917,UNH_12-7
96.68,0.0,0,0,0,0,0.0,1302.1708446436917,UNH_11-11
96.68,47.42,1,0,0,0,677.8916430608025,1302.1708446436917,UNH_5-16
96.68,0.0,0,0,0,0,0.0,1302.1708446436917,UNH_10-17
96.68,0.0,0,0,0,0,0.0,1302.1708446436917,UNH_4-21
96.68,27.14,9,9,0,0,421.8655051074888,1302.1708446436917,UNH_7-6
96.68,0.0,0,0,0,0,0.0,1302.1708446436917,UNH_8-27
96.68,0.0,0,0,0,0,0.0,1302.1708446436917,UNH_0-18
96.68,53.17,6,6,0,0,785.0110516237236,1302.1708446436917,UNH_8-2
96.68,43.32,4,3,0,0,703.2856818558304,1302.1708446436917,UNH_1-11
96.68,46.57,1,0,0,0,663.5572981662651,1302.1708446436917,UNH_6-12
96.68,52.95,12,12,0,0,790.7282755516289,1302.1708446436917,UNH_3-2
96.68,0.0,0,0,0,0,0.0,1302.1708446436917,UNH_3-28
96.68,0.0,0,0,0,0,0.0,1302.1708446436917,UNH_9-23
96.68,0.0,0,0,0,0,0.0,1302.1708446436917,UNH_10-18
96.68,70.87,4,4,0,0,993.5493084590094,1302.1708446436917,UNH_11-12
96.68,11.42,6,5,0,0,288.3466480005535,1302.1708446436917,UNH_2-7
96.68,5.39,1,1,0,0,133.01754353612625,1302.1708446436917,UNH_12-8
96.68,0.0,0,0,0,0,0.0,1302.1708446436917,UNH_5-17
96.68,0.0,0,0,0,0,0.0,1302.1708446436917,UNH_4-22
96.68,0.0,0,0,0,0,0.0,1302.1708446436917,UNH_7-7
96.68,0.0,0,0,0,0,0.0,1302.1708446436917,UNH_0-19
96.68,0.0,0,0,0,0,0.0,1302.1708446436917,UNH_8-28
96.68,59.59,6,6,0,0,944.6627344528113,1302.1708446436917,UNH_8-3
96.68,0.0,0,0,0,0,0.0,1302.1708446436917,UNH_3-29
96.68,0.0,0,0,0,0,0.0,1302.1708446436917,UNH_3-3
96.68,0.0,0,0,0,0,0.0,1302.1708446436917,UNH_10-19
96.68,48.38,1,0,0,0,694.4631295496688,1302.1708446436917,UNH_11-13
96.68,48.42,1,0,0,0,695.8993722680191,1302.1708446436917,UNH_6-13
96.68,0.0,0,0,0,0,0.0,1302.1708446436917,UNH_9-24
96.68,18.66,6,5,0,0,363.41788657244894,1302.1708446436917,UNH_2-8
96.68,45.75,4,3,0,0,738.1340167659546,1302.1708446436917,UNH_1-12
96.68,11.12,2,2,0,0,196.9741463415399,1302.1708446436917,UNH_12-9
96.68,0.0,0,0,0,0,0.0,1302.1708446436917,UNH_5-18
96.68,0.0,0,0,0,0,0.0,1302.1708446436917,UNH_8-29
96.68,0.0,0,0,0,0,0.0,1302.1708446436917,UNH_4-23
96.68,49.43,5,5,0,0,848.9927129194909,1302.1708446436917,UNH_8-4
96.68,22.08,11,10,0,0,396.6792825834951,1302.1708446436917,UNH_7-8
96.68,0.0,0,0,0,0,0.0,1302.1708446436917,UNH_4-0
96.68,2.61,11,10,0,0,235.08054780802928,1302.1708446436917,UNH_3-4
96.68,0.0,0,0,0,0,0.0,1302.1708446436917,UNH_10-20
96.68,47.33,1,0,0,0,676.7885701713266,1302.1708446436917,UNH_6-14
96.68,0.0,0,0,0,0,0.0,1302.1708446436917,UNH_0-20
96.68,42.98,4,3,0,0,598.7492305816706,1302.1708446436917,UNH_1-13
96.68,27.91,5,4,0,0,466.91687190754993,1302.1708446436917,UNH_2-9
96.68,44.86,1,0,0,0,634.33283144146,1302.1708446436917,UNH_11-14
96.68,0.0,0,0,0,0,0.0,1302.1708446436917,UNH_9-25
96.68,6.23,3,3,0,0,179.95415273607256,1302.1708446436917,UNH_12-10
96.68,0.0,0,0,0,0,0.0,1302.1708446436917,UNH_9-0
96.68,0.0,0,0,0,0,0.0,1302.1708446436917,UNH_4-24
96.68,0.0,0,0,0,0,0.0,1302.1708446436917,UNH_5-19
96.68,41.3,6,6,0,0,670.8994968153708,1302.1708446436917,UNH_8-5
96.68,11.49,9,8,0,0,232.3194916731628,1302.1708446436917,UNH_7-9
96.68,18.03,8,7,0,0,243.7257633233332,1302.1708446436917,UNH_3-5
96.68,64.24,13,13,0,0,954.7930562118684,1302.1708446436917,UNH_4-1
96.68,50.06,3,2,0,0,680.1609389851808,1302.1708446436917,UNH_1-14
96.68,0.0,0,0,0,0,0.0,1302.1708446436917,UNH_11-15
96.68,28.02,6,5,0,0,453.79718041312873,1302.1708446436917,UNH_2-10
96.68,0.0,0,0,0,0,0.0,1302.1708446436917,UNH_10-21
96.68,47.98,1,0,0,0,687.4691516186065,1302.1708446436917,UNH_6-15
96.68,0.0,0,0,0,0,0.0,1302.1708446436917,UNH_0-21
96.68,0.0,0,0,0,0,0.0,1302.1708446436917,UNH_9-26
96.68,0.0,0,0,0,0,0.0,1302.1708446436917,UNH_5-20
96.68,43.32,6,6,0,0,639.7144609888696,1302.1708446436917,UNH_9-1
96.68,2.86,5,4,0,0,115.61134797817887,1302.1708446436917,UNH_12-11
96.68,28.91,9,9,0,0,466.5883139238493,1302.1708446436917,UNH_8-6
96.68,29.92,6,5,0,0,503.7598681463847,1302.1708446436917,UNH_7-10
96.68,18.17,7,6,0,0,244.36798049672817,1302.1708446436917,UNH_3-6
96.68,0.0,0,0,0,0,0.0,1302.1708446436917,UNH_4-25
96.68,0.0,0,0,0,0,0.0,1302.1708446436917,UNH_11-16
96.68,37.17,4,3,0,0,494.2467925184631,1302.1708446436917,UNH_2-11
96.68,0.0,0,0,0,0,0.0,1302.1708446436917,UNH_10-22
96.68,44.59,2,1,0,0,638.262801880886,1302.1708446436917,UNH_1-15
96.68,50.08,10,10,0,0,739.7087002295175,1302.1708446436917,UNH_4-2
96.68,0.0,0,0,0,0,0.0,1302.1708446436917,UNH_0-22
96.68,0.0,0,0,0,0,0.0,1302.1708446436917,UNH_9-27
96.68,0.0,0,0,0,0,0.0,1302.1708446436917,UNH_6-16
96.68,0.0,0,0,0,0,0.0,1302.1708446436917,UNH_12-12
96.68,0.0,0,0,0,0,0.0,1302.1708446436917,UNH_5-21
96.68,44.59,5,5,0,0,669.1396128082504,1302.1708446436917,UNH_9-2
96.68,0.0,0,0,0,0,0.0,1302.1708446436917,UNH_4-26
96.68,14.24,6,5,0,0,225.82683944097155,1302.1708446436917,UNH_3-7
96.68,0.0,0,0,0,0,0.0,1302.1708446436917,UNH_11-17
96.68,42.87,3,2,0,0,580.2455410318667,1302.1708446436917,UNH_2-12
96.68,0.0,0,0,0,0,0.0,1302.1708446436917,UNH_10-23
96.68,33.85,11,11,0,0,538.7543375040065,1302.1708446436917,UNH_8-7
96.68,76.71,11,11,0,0,1156.523970448922,1302.1708446436917,UNH_4-3
96.68,46.98,3,2,0,0,728.1392199666825,1302.1708446436917,UNH_7-11
96.68,0.0,0,0,0,0,0.0,1302.1708446436917,UNH_0-23
96.68,52.12,2,1,0,0,781.1144827932302,1302.1708446436917,UNH_1-16
96.68,0.0,0,0,0,0,0.0,1302.1708446436917,UNH_6-17
96.68,45.17,3,2,0,0,639.1351094950797,1302.1708446436917,UNH_12-13
96.68,0.0,0,0,0,0,0.0,1302.1708446436917,UNH_5-22
96.68,0.0,0,0,0,0,0.0,1302.1708446436917,UNH_9-28
96.68,0.0,0,0,0,0,0.0,1302.1708446436917,UNH_11-18
96.68,49.69,5,5,0,0,778.4666565534345,1302.1708446436917,UNH_9-3
96.68,15.25,6,5,0,0,246.25860164377983,1302.1708446436917,UNH_3-8
96.68,0.0,0,0,0,0,0.0,1302.1708446436917,UNH_8-8
96.68,35.16,2,1,0,0,492.48690823600737,1302.1708446436917,UNH_2-13
96.68,0.0,0,0,0,0,0.0,1302.1708446436917,UNH_4-4
96.68,0.0,0,0,0,0,0.0,1302.1708446436917,UNH_10-24
96.68,0.0,0,0,0,0,0.0,1302.1708446436917,UNH_4-27
96.68,48.48,2,1,0,0,696.3958139287353,1302.1708446436917,UNH_7-12
96.68,0.0,0,0,0,0,0.0,1302.1708446436917,UNH_0-24
96.68,47.51,2,1,0,0,705.037561957136,1302.1708446436917,UNH_1-17
96.68,0.0,0,0,0,0,0.0,1302.1708446436917,UNH_6-18
96.68,0.0,0,0,0,0,0.0,1302.1708446436917,UNH_5-23
96.68,47.36,1,0,0,0,677.3420400695284,1302.1708446436917,UNH_12-14
96.68,0.0,0,0,0,0,0.0,1302.1708446436917,UNH_11-19
96.68,18.26,5,4,0,0,308.3960656043804,1302.1708446436917,UNH_3-9
96.68,0.0,0,0,0,0,0.0,1302.1708446436917,UNH_9-29
96.68,35.89,2,1,0,0,501.24924936108823,1302.1708446436917,UNH_2-14
96.68,20.54,8,7,0,0,317.2886712236693,1302.1708446436917,UNH_8-9
96.68,0.0,0,0,0,0,0.0,1302.1708446436917,UNH_12-15
96.68,0.0,0,0,0,0,0.0,1302.1708446436917,UNH_4-28
96.68,3.8,1,1,0,0,94.4024845051961,1302.1708446436917,UNH_13-10
96.68,45.2,1,0,0,0,640.1396103943323,1302.1708446436917,UNH_7-13
96.68,45.99,2,1,0,0,682.8248536760951,1302.1708446436917,UNH_1-18
96.68,40.69,5,5,0,0,696.9475037279561,1302.1708446436917,UNH_9-4
96.68,12.45,1,1,0,0,305.18570191885567,1302.1708446436917,UNH_14-5
96.68,0.0,0,0,0,0,0.0,1302.1708446436917,UNH_15-0
96.68,0.0,0,0,0,0,0.0,1302.1708446436917,UNH_15-25
96.68,0.0,0,0,0,0,0.0,1302.1708446436917,UNH_6-19
96.68,0.0,0,0,0,0,0.0,1302.1708446436917,UNH_17-15
96.68,0.0,0,0,0,0,0.0,1302.1708446436917,UNH_16-20
96.68,0.0,0,0,0,0,0.0,1302.1708446436917,UNH_19-5
96.68,0.0,0,0,0,0,0.0,1302.1708446436917,UNH_18-10
96.68,0.0,0,0,0,0,0.0,1302.1708446436917,UNH_5-24
96.68,0.0,0,0,0,0,0.0,1302.1708446436917,UNH_12-16
96.68,48.21,3,2,0,0,711.0673298241609,1302.1708446436917,UNH_1-19
96.68,48.89,1,0,0,0,704.4324775620582,1302.1708446436917,UNH_7-14
96.68,3.78,1,1,0,0,94.24277854451047,1302.1708446436917,UNH_13-11
96.68,13.94,2,2,0,0,282.28227767611816,1302.1708446436917,UNH_15-1
96.68,4.28,1,1,0,0,107.51368675529464,1302.1708446436917,UNH_14-6
96.68,0.0,0,0,0,0,0.0,1302.1708446436917,UNH_20-0
96.68,0.0,0,0,0,0,0.0,1302.1708446436917,UNH_4-29
96.68,0.0,0,0,0,0,0.0,1302.1708446436917,UNH_15-26
96.68,0.0,0,0,0,0,0.0,1302.1708446436917,UNH_19-6
96.68,2.34,2,2,0,0,49.214607088825694,1302.1708446436917,UNH_17-16
96.68,0.0,0,0,0,0,0.0,1302.1708446436917,UNH_18-11
96.68,0.0,0,0,0,0,0.0,1302.1708446436917,UNH_16-21
96.68,0.0,0,0,0,0,0.0,1302.1708446436917,UNH_20-25
96.68,0.0,0,0,0,0,0.0,1302.1708446436917,UNH_21-20
96.68,0.0,0,0,0,0,0.0,1302.1708446436917,UNH_23-10
96.68,4.67,3,3,0,0,119.76179386934012,1302.1708446436917,UNH_13-12
96.68,13.24,2,2,0,0,270.4547733255225,1302.1708446436917,UNH_20-1
96.68,0.0,0,0,0,0,0.0,1302.1708446436917,UNH_22-15
96.68,22.04,2,2,0,0,442.0181638326553,1302.1708446436917,UNH_15-2
96.68,-0.94,1,1,0,0,26.124128378037387,1302.1708446436917,UNH_14-7
96.68,0.0,0,0,0,0,0.0,1302.1708446436917,UNH_15-27
96.68,0.0,0,0,0,0,0.0,1302.1708446436917,UNH_24-5
96.68,0.0,0,0,0,0,0.0,1302.1708446436917,UNH_19-7
96.68,0.0,0,0,0,0,0.0,1302.1708446436917,UNH_17-17
96.68,0.0,0,0,0,0,0.0,1302.1708446436917,UNH_12-17
96.68,0.0,0,0,0,0,0.0,1302.1708446436917,UNH_18-12
96.68,0.0,0,0,0,0,0.0,1302.1708446436917,UNH_16-22
96.68,0.0,0,0,0,0,0.0,1302.1708446436917,UNH_23-11
96.68,0.0,0,0,0,0,0.0,1302.1708446436917,UNH_21-21
96.68,0.0,0,0,0,0,0.0,1302.1708446436917,UNH_20-26
96.68,5.4,2,2,0,0,109.59514682768494,1302.1708446436917,UNH_20-2
96.68,0.0,0,0,0,0,0.0,1302.1708446436917,UNH_13-13
96.68,25.24,2,2,0,0,504.4138166954502,1302.1708446436917,UNH_15-3
96.68,0.0,0,0,0,0,0.0,1302.1708446436917,UNH_15-28
96.68,0.0,0,0,0,0,0.0,1302.1708446436917,UNH_24-6
96.68,0.0,0,0,0,0,0.0,1302.1708446436917,UNH_14-8
96.68,0.0,0,0,0,0,0.0,1302.1708446436917,UNH_19-8
96.68,0.0,0,0,0,0,0.0,1302.1708446436917,UNH_17-18
96.68,0.0,0,0,0,0,0.0,1302.1708446436917,UNH_12-18
96.68,0.0,0,0,0,0,0.0,1302.1708446436917,UNH_16-23
96.68,0.0,0,0,0,0,0.0,1302.1708446436917,UNH_18-13
96.68,0.0,0,0,0,0,0.0,1302.1708446436917,UNH_23-12
96.68,0.0,0,0,0,0,0.0,1302.1708446436917,UNH_22-16
96.68,0.0,0,0,0,0,0.0,1302.1708446436917,UNH_20-27
96.68,0.0,0,0,0,0,0.0,1302.1708446436917,UNH_21-22
96.68,0.0,0,0,0,0,0.0,1302.1708446436917,UNH_20-3
96.68,45.69,3,2,0,0,647.7503936408616,1302.1708446436917,UNH_13-14
96.68,0.0,0,0,0,0,0.0,1302.1708446436917,UNH_15-29
96.68,16.35,2,2,0,0,337.98297350549996,1302.1708446436917,UNH_15-4
96.68,0.0,0,0,0,0,0.0,1302.1708446436917,UNH_24-7
96.68,0.0,0,0,0,0,0.0,1302.1708446436917,UNH_19-9
96.68,0.0,0,0,0,0,0.0,1302.1708446436917,UNH_17-19
96.68,0.0,0,0,0,0,0.0,1302.1708446436917,UNH_14-9
96.68,0.0,0,0,0,0,0.0,1302.1708446436917,UNH_16-24
96.68,0.0,0,0,0,0,0.0,1302.1708446436917,UNH_18-14
96.68,0.0,0,0,0,0,0.0,1302.1708446436917,UNH_23-13
96.68,0.0,0,0,0,0,0.0,1302.1708446436917,UNH_20-28
96.68,0.0,0,0,0,0,0.0,1302.1708446436917,UNH_20-4
96.68,0.0,0,0,0,0,0.0,1302.1708446436917,UNH_12-19
96.68,39.62,2,1,0,0,540.951559445999,1302.1708446436917,UNH_13-15
96.68,0.0,0,0,0,0,0.0,1302.1708446436917,UNH_22-17
96.68,0.0,0,0,0,0,0.0,1302.1708446436917,UNH_21-23
96.68,8.15,1,1,0,0,200.62546872635102,1302.1708446436917,UNH_15-5
96.68,0.0,0,0,0,0,0.0,1302.1708446436917,UNH_24-8
96.68,0.0,0,0,0,0,0.0,1302.1708446436917,UNH_16-0
96.68,0.0,0,0,0,0,0.0,1302.1708446436917,UNH_19-10
96.68,0.0,0,0,0,0,0.0,1302.1708446436917,UNH_14-10
96.68,0.0,0,0,0,0,0.0,1302.1708446436917,UNH_17-20
96.68,0.0,0,0,0,0,0.0,1302.1708446436917,UNH_20-29
96.68,0.0,0,0,0,0,0.0,1302.1708446436917,UNH_18-15
96.68,0.0,0,0,0,0,0.0,1302.1708446436917,UNH_23-14
96.68,0.0,0,0,0,0,0.0,1302.1708446436917,UNH_16-25
96.68,0.0,0,0,0,0,0.0,1302.1708446436917,UNH_22-18
96.68,0.0,0,0,0,0,0.0,1302.1708446436917,UNH_20-5
96.68,0.0,0,0,0,0,0.0,1302.1708446436917,UNH_21-24
96.68,27.72,1,0,0,0,349.4036030377728,1302.1708446436917,UNH_13-16
96.68,0.05,1,1,0,0,1.3411469894575765,1302.1708446436917,UNH_15-6
96.68,0.0,0,0,0,0,0.0,1302.1708446436917,UNH_12-20
96.68,0.0,0,0,0,0,0.0,1302.1708446436917,UNH_19-11
96.68,6.37,2,2,0,0,148.48355667297875,1302.1708446436917,UNH_16-1
96.68,0.0,0,0,0,0,0.0,1302.1708446436917,UNH_21-0
96.68,0.0,0,0,0,0,0.0,1302.1708446436917,UNH_24-9
96.68,0.0,0,0,0,0,0.0,1302.1708446436917,UNH_17-21
96.68,0.01,1,1,0,0,0.8130111919786822,1302.1708446436917,UNH_14-11
96.68,0.0,0,0,0,0,0.0,1302.1708446436917,UNH_22-19
96.68,0.0,0,0,0,0,0.0,1302.1708446436917,UNH_18-16
96.68,0.0,0,0,0,0,0.0,1302.1708446436917,UNH_16-26
96.68,0.0,0,0,0,0,0.0,1302.1708446436917,UNH_23-15
96.68,0.0,0,0,0,0,0.0,1302.1708446436917,UNH_13-17
96.68,0.0,0,0,0,0,0.0,1302.1708446436917,UNH_20-6
96.68,0.0,0,0,0,0,0.0,1302.1708446436917,UNH_21-25
96.68,0.0,0,0,0,0,0.0,1302.1708446436917,UNH_15-7
96.68,0.0,0,0,0,0,0.0,1302.1708446436917,UNH_19-12
96.68,3.52,2,2,0,0,72.86116942998896,1302.1708446436917,UNH_21-1
96.68,0.0,0,0,0,0,0.0,1302.1708446436917,UNH_17-22
96.68,22.17,2,2,0,0,445.10044122907397,1302.1708446436917,UNH_16-2
96.68,0.0,0,0,0,0,0.0,1302.1708446436917,UNH_12-21
96.68,0.0,0,0,0,0,0.0,1302.1708446436917,UNH_24-10
96.68,0.0,0,0,0,0,0.0,1302.1708446436917,UNH_18-17
96.68,0.0,0,0,0,0,0.0,1302.1708446436917,UNH_22-20
96.68,0.0,0,0,0,0,0.0,1302.1708446436917,UNH_23-16
96.68,-0.46,1,1,0,0,13.90359789577982,1302.1708446436917,UNH_14-12
96.68,0.0,0,0,0,0,0.0,1302.1708446436917,UNH_13-18
96.68,0.0,0,0,0,0,0.0,1302.1708446436917,UNH_16-27
96.68,0.0,0,0,0,0,0.0,1302.1708446436917,UNH_20-7
96.68,0.0,0,0,0,0,0.0,1302.1708446436917,UNH_15-8
96.68,0.0,0,0,0,0,0.0,1302.1708446436917,UNH_21-26
96.68,0.0,0,0,0,0,0.0,1302.1708446436917,UNH_19-13
96.68,0.0,0,0,0,0,0.0,1302.1708446436917,UNH_21-2
96.68,22.17,2,2,0,0,444.0294733301566,1302.1708446436917,UNH_16-3
96.68,0.0,0,0,0,0,0.0,1302.1708446436917,UNH_12-22
96.68,0.0,0,0,0,0,0.0,1302.1708446436917,UNH_24-11
96.68,0.0,0,0,0,0,0.0,1302.1708446436917,UNH_18-18
96.68,0.0,0,0,0,0,0.0,1302.1708446436917,UNH_22-21
96.68,0.0,0,0,0,0,0.0,1302.1708446436917,UNH_17-23
96.68,0.0,0,0,0,0,0.0,1302.1708446436917,UNH_23-17
96.68,-1.97,3,3,0,0,55.17607175381963,1302.1708446436917,UNH_14-13
96.68,0.0,0,0,0,0,0.0,1302.1708446436917,UNH_13-19
96.68,0.0,0,0,0,0,0.0,1302.1708446436917,UNH_16-28
96.68,0.0,0,0,0,0,0.0,1302.1708446436917,UNH_21-27
96.68,0.0,0,0,0,0,0.0,1302.1708446436917,UNH_15-9
96.68,0.0,0,0,0,0,0.0,1302.1708446436917,UNH_19-14
96.68,0.0,0,0,0,0,0.0,1302.1708446436917,UNH_20-8
96.68,0.0,0,0,0,0,0.0,1302.1708446436917,UNH_21-3
96.68,0.0,0,0,0,0,0.0,1302.1708446436917,UNH_24-12
96.68,0.0,0,0,0,0,0.0,1302.1708446436917,UNH_18-19
96.68,15.78,2,2,0,0,323.2112491879655,1302.1708446436917,UNH_16-4
96.68,0.0,0,0,0,0,0.0,1302.1708446436917,UNH_12-23
96.68,0.0,0,0,0,0,0.0,1302.1708446436917,UNH_22-22
96.68,0.0,0,0,0,0,0.0,1302.1708446436917,UNH_23-18
96.68,0.0,0,0,0,0,0.0,1302.1708446436917,UNH_16-29
96.68,0.0,0,0,0,0,0.0,1302.1708446436917,UNH_13-20
96.68,0.0,0,0,0,0,0.0,1302.1708446436917,UNH_15-10
96.68,0.0,0,0,0,0,0.0,1302.1708446436917,UNH_19-15
96.68,0.0,0,0,0,0,0.0,1302.1708446436917,UNH_17-24
96.68,0.0,0,0,0,0,0.0,1302.1708446436917,UNH_21-4
96.68,0.0,0,0,0,0,0.0,1302.1708446436917,UNH_20-9
96.68,0.0,0,0,0,0,0.0,1302.1708446436917,UNH_14-14
96.68,0.0,0,0,0,0,0.0,1302.1708446436917,UNH_24-13
96.68,0.0,0,0,0,0,0.0,1302.1708446436917,UNH_21-28
96.68,0.0,0,0,0,0,0.0,1302.1708446436917,UNH_18-20
96.68,3.81,1,1,0,0,94.7414932263737,1302.1708446436917,UNH_16-5
96.68,0.0,0,0,0,0,0.0,1302.1708446436917,UNH_23-19
96.68,0.0,0,0,0,0,0.0,1302.1708446436917,UNH_22-23
96.68,0.0,0,0,0,0,0.0,1302.1708446436917,UNH_12-24
96.68,0.0,0,0,0,0,0.0,1302.1708446436917,UNH_17-0
96.68,0.0,0,0,0,0,0.0,1302.1708446436917,UNH_15-11
96.68,0.0,0,0,0,0,0.0,1302.1708446436917,UNH_19-16
96.68,0.0,0,0,0,0,0.0,1302.1708446436917,UNH_21-5
96.68,0.0,0,0,0,0,0.0,1302.1708446436917,UNH_20-10
96.68,0.0,0,0,0,0,0.0,1302.1708446436917,UNH_17-25
96.68,0.0,0,0,0,0,0.0,1302.1708446436917,UNH_13-21
96.68,0.0,0,0,0,0,0.0,1302.1708446436917,UNH_21-29
96.68,32.02,2,1,0,0,411.9909415471418,1302.1708446436917,UNH_14-15
96.68,0.0,0,0,0,0,0.0,1302.1708446436917,UNH_24-14
96.68,0.0,0,0,0,0,0.0,1302.1708446436917,UNH_16-6
96.68,0.0,0,0,0,0,0.0,1302.1708446436917,UNH_23-20
96.68,0.0,0,0,0,0,0.0,1302.1708446436917,UNH_12-25
96.68,11.35,2,2,0,0,235.39261153978975,1302.1708446436917,UNH_17-1
96.68,0.0,0,0,0,0,0.0,1302.1708446436917,UNH_22-24
96.68,0.0,0,0,0,0,0.0,1302.1708446436917,UNH_19-17
96.68,0.0,0,0,0,0,0.0,1302.1708446436917,UNH_21-6
96.68,0.0,0,0,0,0,0.0,1302.1708446436917,UNH_15-12
96.68,0.0,0,0,0,0,0.0,1302.1708446436917,UNH_13-22
96.68,0.0,0,0,0,0,0.0,1302.1708446436917,UNH_18-21
96.68,0.0,0,0,0,0,0.0,1302.1708446436917,UNH_17-26
96.68,0.0,0,0,0,0,0.0,1302.1708446436917,UNH_22-0
96.68,24.19,1,0,0,0,288.42735274375417,1302.1708446436917,UNH_14-16
96.68,0.0,0,0,0,0,0.0,1302.1708446436917,UNH_20-11
96.68,0.0,0,0,0,0,0.0,1302.1708446436917,UNH_16-7
96.68,0.0,0,0,0,0,0.0,1302.1708446436917,UNH_24-15
96.68,0.0,0,0,0,0,0.0,1302.1708446436917,UNH_12-26
96.68,19.43,2,2,0,0,389.813718609424,1302.1708446436917,UNH_17-2
96.68,0.0,0,0,0,0,0.0,1302.1708446436917,UNH_22-25
96.68,0.0,0,0,0,0,0.0,1302.1708446436917,UNH_23-21
96.68,0.0,0,0,0,0,0.0,1302.1708446436917,UNH_21-7
96.68,5.94,2,2,0,0,124.86635745915832,1302.1708446436917,UNH_15-13
96.68,0.0,0,0,0,0,0.0,1302.1708446436917,UNH_19-18
96.68,0.0,0,0,0,0,0.0,1302.1708446436917,UNH_18-22
96.68,0.0,0,0,0,0,0.0,1302.1708446436917,UNH_13-23
96.68,4.9,1,1,0,0,108.952634987996,1302.1708446436917,UNH_22-1
96.68,0.0,0,0,0,0,0.0,1302.1708446436917,UNH_14-17
96.68,0.0,0,0,0,0,0.0,1302.1708446436917,UNH_20-12
96.68,0.0,0,0,0,0,0.0,1302.1708446436917,UNH_16-8
96.68,0.0,0,0,0,0,0.0,1302.1708446436917,UNH_24-16
96.68,0.0,0,0,0,0,0.0,1302.1708446436917,UNH_12-27
96.68,0.0,0,0,0,0,0.0,1302.1708446436917,UNH_22-26
96.68,17.53,2,2,0,0,349.78922946210815,1302.1708446436917,UNH_17-3
96.68,0.0,0,0,0,0,0.0,1302.1708446436917,UNH_17-27
96.68,0.0,0,0,0,0,0.0,1302.1708446436917,UNH_21-8
96.68,11.74,2,2,0,0,249.33014398590774,1302.1708446436917,UNH_15-14
96.68,0.0,0,0,0,0,0.0,1302.1708446436917,UNH_19-19
96.68,0.0,0,0,0,0,0.0,1302.1708446436917,UNH_18-23
96.68,0.0,0,0,0,0,0.0,1302.1708446436917,UNH_13-24
96.68,0.0,0,0,0,0,0.0,1302.1708446436917,UNH_20-13
96.68,0.0,0,0,0,0,0.0,1302.1708446436917,UNH_23-22
96.68,0.0,0,0,0,0,0.0,1302.1708446436917,UNH_16-9
96.68,0.0,0,0,0,0,0.0,1302.1708446436917,UNH_14-18
96.68,0.0,0,0,0,0,0.0,1302.1708446436917,UNH_22-2
96.68,0.0,0,0,0,0,0.0,1302.1708446436917,UNH_22-27
96.68,0.0,0,0,0,0,0.0,1302.1708446436917,UNH_24-17
96.68,0.0,0,0,0,0,0.0,1302.1708446436917,UNH_17-28
96.68,0.0,0,0,0,0,0.0,1302.1708446436917,UNH_12-28
96.68,0.0,0,0,0,0,0.0,1302.1708446436917,UNH_21-9
96.68,0.0,0,0,0,0,0.0,1302.1708446436917,UNH_15-15
96.68,2.65,3,3,0,0,54.26795668566418,1302.1708446436917,UNH_17-4
96.68,0.0,0,0,0,0,0.0,1302.1708446436917,UNH_13-25
96.68,0.0,0,0,0,0,0.0,1302.1708446436917,UNH_19-20
96.68,0.0,0,0,0,0,0.0,1302.1708446436917,UNH_18-24
96.68,0.0,0,0,0,0,0.0,1302.1708446436917,UNH_23-23
96.68,0.0,0,0,0,0,0.0,1302.1708446436917,UNH_20-14
96.68,0.0,0,0,0,0,0.0,1302.1708446436917,UNH_16-10
96.68,0.0,0,0,0,0,0.0,1302.1708446436917,UNH_14-19
96.68,0.0,0,0,0,0,0.0,1302.1708446436917,UNH_24-18
96.68,0.0,0,0,0,0,0.0,1302.1708446436917,UNH_22-28
96.68,0.0,0,0,0,0,0.0,1302.1708446436917,UNH_17-29
96.68,0.0,0,0,0,0,0.0,1302.1708446436917,UNH_21-10
96.68,0.0,0,0,0,0,0.0,1302.1708446436917,UNH_22-3
96.68,0.0,0,0,0,0,0.0,1302.1708446436917,UNH_12-29
96.68,0.0,0,0,0,0,0.0,1302.1708446436917,UNH_17-5
96.68,0.0,0,0,0,0,0.0,1302.1708446436917,UNH_19-21
96.68,0.0,0,0,0,0,0.0,1302.1708446436917,UNH_18-25
96.68,25.18,2,1,0,0,298.24051102556615,1302.1708446436917,UNH_15-16
96.68,0.0,0,0,0,0,0.0,1302.1708446436917,UNH_14-20
96.68,0.0,0,0,0,0,0.0,1302.1708446436917,UNH_16-11
96.68,0.0,0,0,0,0,0.0,1302.1708446436917,UNH_20-15
96.68,0.0,0,0,0,0,0.0,1302.1708446436917,UNH_22-29
96.68,0.0,0,0,0,0,0.0,1302.1708446436917,UNH_13-26
96.68,0.0,0,0,0,0,0.0,1302.1708446436917,UNH_18-0
96.68,0.0,0,0,0,0,0.0,1302.1708446436917,UNH_22-4
96.68,0.0,0,0,0,0,0.0,1302.1708446436917,UNH_24-19
96.68,0.0,0,0,0,0,0.0,1302.1708446436917,UNH_21-11
96.68,0.0,0,0,0,0,0.0,1302.1708446436917,UNH_13-0
96.68,0.0,0,0,0,0,0.0,1302.1708446436917,UNH_19-22
96.68,0.0,0,0,0,0,0.0,1302.1708446436917,UNH_23-24
96.68,0.0,0,0,0,0,0.0,1302.1708446436917,UNH_17-6
96.68,0.0,0,0,0,0,0.0,1302.1708446436917,UNH_20-16
96.68,0.0,0,0,0,0,0.0,1302.1708446436917,UNH_15-17
96.68,0.0,0,0,0,0,0.0,1302.1708446436917,UNH_16-12
96.68,0.0,0,0,0,0,0.0,1302.1708446436917,UNH_14-21
96.68,0.0,0,0,0,0,0.0,1302.1708446436917,UNH_23-0
96.68,0.0,0,0,0,0,0.0,1302.1708446436917,UNH_13-27
96.68,0.0,0,0,0,0,0.0,1302.1708446436917,UNH_22-5
96.68,0.0,0,0,0,0,0.0,1302.1708446436917,UNH_24-20
96.68,12.84,2,2,0,0,265.69540115993556,1302.1708446436917,UNH_18-1
96.68,0.0,0,0,0,0,0.0,1302.1708446436917,UNH_21-12
96.68,0.0,0,0,0,0,0.0,1302.1708446436917,UNH_23-25
96.68,0.0,0,0,0,0,0.0,1302.1708446436917,UNH_18-26
96.68,0.0,0,0,0,0,0.0,1302.1708446436917,UNH_19-23
96.68,28.72,4,4,0,0,495.8370902044502,1302.1708446436917,UNH_13-1
96.68,0.0,0,0,0,0,0.0,1302.1708446436917,UNH_15-18
96.68,0.0,0,0,0,0,0.0,1302.1708446436917,UNH_20-17
96.68,0.0,0,0,0,0,0.0,1302.1708446436917,UNH_14-22
96.68,0.0,0,0,0,0,0.0,1302.1708446436917,UNH_13-28
96.68,4.11,1,1,0,0,90.40935725226115,1302.1708446436917,UNH_16-13
96.68,0.0,0,0,0,0,0.0,1302.1708446436917,UNH_23-1
96.68,0.0,0,0,0,0,0.0,1302.1708446436917,UNH_22-6
96.68,0.0,0,0,0,0,0.0,1302.1708446436917,UNH_17-7
96.68,0.0,0,0,0,0,0.0,1302.1708446436917,UNH_24-21
96.68,18.15,2,2,0,0,364.17790804058825,1302.1708446436917,UNH_18-2
96.68,0.0,0,0,0,0,0.0,1302.1708446436917,UNH_18-27
96.68,0.0,0,0,0,0,0.0,1302.1708446436917,UNH_19-24
96.68,0.0,0,0,0,0,0.0,1302.1708446436917,UNH_23-26
96.68,0.0,0,0,0,0,0.0,1302.1708446436917,UNH_21-13
96.68,20.35,2,2,0,0,411.0778180670562,1302.1708446436917,UNH_13-2
96.68,0.0,0,0,0,0,0.0,1302.1708446436917,UNH_20-18
96.68,0.0,0,0,0,0,0.0,1302.1708446436917,UNH_14-23
96.68,0.0,0,0,0,0,0.0,1302.1708446436917,UNH_15-19
96.68,0.0,0,0,0,0,0.0,1302.1708446436917,UNH_13-29
96.68,0.0,0,0,0,0,0.0,1302.1708446436917,UNH_23-2
96.68,1.83,1,1,0,0,39.96468773127975,1302.1708446436917,UNH_16-14
96.68,0.0,0,0,0,0,0.0,1302.1708446436917,UNH_24-22
96.68,0.0,0,0,0,0,0.0,1302.1708446436917,UNH_17-8
96.68,0.0,0,0,0,0,0.0,1302.1708446436917,UNH_18-28
96.68,0.0,0,0,0,0,0.0,1302.1708446436917,UNH_22-7
96.68,0.0,0,0,0,0,0.0,1302.1708446436917,UNH_19-25
96.68,30.4,2,2,0,0,608.87603387015,1302.1708446436917,UNH_13-3
96.68,0.0,0,0,0,0,0.0,1302.1708446436917,UNH_21-14
96.68,0.0,0,0,0,0,0.0,1302.1708446436917,UNH_20-19
96.68,0.0,0,0,0,0,0.0,1302.1708446436917,UNH_15-20
96.68,15.65,2,2,0,0,315.12863544309914,1302.1708446436917,UNH_18-3
96.68,0.0,0,0,0,0,0.0,1302.1708446436917,UNH_14-24
96.68,0.0,0,0,0,0,0.0,1302.1708446436917,UNH_23-3
96.68,0.0,0,0,0,0,0.0,1302.1708446436917,UNH_23-27
96.68,0.0,0,0,0,0,0.0,1302.1708446436917,UNH_14-0
96.68,0.0,0,0,0,0,0.0,1302.1708446436917,UNH_17-9
96.68,0.0,0,0,0,0,0.0,1302.1708446436917,UNH_24-23
96.68,0.0,0,0,0,0,0.0,1302.1708446436917,UNH_18-29
96.68,22.31,2,2,0,0,459.70524381227466,1302.1708446436917,UNH_13-4
96.68,0.0,0,0,0,0,0.0,1302.1708446436917,UNH_21-15
96.68,0.0,0,0,0,0,0.0,1302.1708446436917,UNH_22-8
96.68,0.0,0,0,0,0,0.0,1302.1708446436917,UNH_19-26
96.68,8.79,2,2,0,0,196.51412644266773,1302.1708446436917,UNH_16-15
96.68,0.0,0,0,0,0,0.0,1302.1708446436917,UNH_18-4
96.68,0.0,0,0,0,0,0.0,1302.1708446436917,UNH_15-21
96.68,0.0,0,0,0,0,0.0,1302.1708446436917,UNH_23-4
96.68,0.0,0,0,0,0,0.0,1302.1708446436917,UNH_14-25
96.68,0.0,0,0,0,0,0.0,1302.1708446436917,UNH_20-20
96.68,0.0,0,0,0,0,0.0,1302.1708446436917,UNH_17-10
96.68,22.98,3,3,0,0,423.0533161352101,1302.1708446436917,UNH_14-1
96.68,0.0,0,0,0,0,0.0,1302.1708446436917,UNH_23-28
96.68,0.0,0,0,0,0,0.0,1302.1708446436917,UNH_24-24
96.68,0.0,0,0,0,0,0.0,1302.1708446436917,UNH_21-16
96.68,0.0,0,0,0,0,0.0,1302.1708446436917,UNH_19-0
96.68,0.0,0,0,0,0,0.0,1302.1708446436917,UNH_22-9
96.68,0.0,0,0,0,0,0.0,1302.1708446436917,UNH_16-16
96.68,12.61,1,1,0,0,309.0990306842347,1302.1708446436917,UNH_13-5
96.68,0.0,0,0,0,0,0.0,1302.1708446436917,UNH_15-22
96.68,0.0,0,0,0,0,0.0,1302.1708446436917,UNH_18-5
96.68,0.0,0,0,0,0,0.0,1302.1708446436917,UNH_19-27
96.68,0.0,0,0,0,0,0.0,1302.1708446436917,UNH_20-21
96.68,20.71,2,2,0,0,416.97794850808606,1302.1708446436917,UNH_14-2
96.68,0.0,0,0,0,0,0.0,1302.1708446436917,UNH_23-5
96.68,0.0,0,0,0,0,0.0,1302.1708446436917,UNH_14-26
96.68,0.0,0,0,0,0,0.0,1302.1708446436917,UNH_23-29
96.68,0.0,0,0,0,0,0.0,1302.1708446436917,UNH_17-11
96.68,0.0,0,0,0,0,0.0,1302.1708446436917,UNH_24-25
96.68,32.04,2,1,0,0,423.0835387948851,1302.1708446436917,UNH_16-17
96.68,4.49,1,1,0,0,113.1811245703132,1302.1708446436917,UNH_13-6
96.68,0.0,0,0,0,0,0.0,1302.1708446436917,UNH_22-10
96.68,12.48,3,3,0,0,251.02106396617015,1302.1708446436917,UNH_19-1
96.68,0.0,0,0,0,0,0.0,1302.1708446436917,UNH_15-23
96.68,0.0,0,0,0,0,0.0,1302.1708446436917,UNH_18-6
96.68,0.0,0,0,0,0,0.0,1302.1708446436917,UNH_21-17
96.68,0.0,0,0,0,0,0.0,1302.1708446436917,UNH_20-22
96.68,0.0,0,0,0,0,0.0,1302.1708446436917,UNH_23-6
96.68,24.95,2,2,0,0,499.0497258236708,1302.1708446436917,UNH_14-3
96.68,0.0,0,0,0,0,0.0,1302.1708446436917,UNH_14-27
96.68,0.0,0,0,0,0,0.0,1302.1708446436917,UNH_24-0
96.68,0.0,0,0,0,0,0.0,1302.1708446436917,UNH_17-12
96.68,5.31,1,1,0,0,131.6621861706233,1302.1708446436917,UNH_13-7
96.68,0.0,0,0,0,0,0.0,1302.1708446436917,UNH_16-18
96.68,0.0,0,0,0,0,0.0,1302.1708446436917,UNH_22-11
96.68,0.0,0,0,0,0,0.0,1302.1708446436917,UNH_24-26
96.68,0.0,0,0,0,0,0.0,1302.1708446436917,UNH_19-28
96.68,6.74,2,2,0,0,136.25394530728622,1302.1708446436917,UNH_19-2
96.68,0.0,0,0,0,0,0.0,1302.1708446436917,UNH_15-24
96.68,0.0,0,0,0,0,0.0,1302.1708446436917,UNH_18-7
96.68,0.0,0,0,0,0,0.0,1302.1708446436917,UNH_20-23
96.68,0.0,0,0,0,0,0.0,1302.1708446436917,UNH_21-18
96.68,19.24,2,2,0,0,399.497944879046,1302.1708446436917,UNH_14-4
96.68,0.0,0,0,0,0,0.0,1302.1708446436917,UNH_23-7
96.68,0.0,0,0,0,0,0.0,1302.1708446436917,UNH_14-28
96.68,0.0,0,0,0,0,0.0,1302.1708446436917,UNH_17-13
96.68,3.66,1,1,0,0,90.87581618745085,1302.1708446436917,UNH_13-8
96.68,0.0,0,0,0,0,0.0,1302.1708446436917,UNH_16-19
96.68,0.0,0,0,0,0,0.0,1302.1708446436917,UNH_22-12
96.68,0.0,0,0,0,0,0.0,1302.1708446436917,UNH_24-27
96.68,0.0,0,0,0,0,0.0,1302.1708446436917,UNH_24-1
96.68,0.0,0,0,0,0,0.0,1302.1708446436917,UNH_19-3
96.68,0.0,0,0,0,0,0.0,1302.1708446436917,UNH_25-0
96.68,0.0,0,0,0,0,0.0,1302.1708446436917,UNH_19-29
96.68,0.0,0,0,0,0,0.0,1302.1708446436917,UNH_20-24
96.68,0.0,0,0,0,0,0.0,1302.1708446436917,UNH_18-8
96.68,0.0,0,0,0,0,0.0,1302.1708446436917,UNH_21-19
96.68,0.0,0,0,0,0,0.0,1302.1708446436917,UNH_25-25
96.68,0.0,0,0,0,0,0.0,1302.1708446436917,UNH_14-29
96.68,0.0,0,0,0,0,0.0,1302.1708446436917,UNH_23-8
96.68,0.0,0,0,0,0,0.0,1302.1708446436917,UNH_17-14
96.68,0.0,0,0,0,0,0.0,1302.1708446436917,UNH_22-13
96.68,0.0,0,0,0,0,0.0,1302.1708446436917,UNH_26-20
96.68,4.61,1,1,0,0,114.42086104096184,1302.1708446436917,UNH_13-9
96.68,0.0,0,0,0,0,0.0,1302.1708446436917,UNH_24-2
96.68,0.0,0,0,0,0,0.0,1302.1708446436917,UNH_24-28
96.68,0.0,0,0,0,0,0.0,1302.1708446436917,UNH_28-10
96.68,0.0,0,0,0,0,0.0,1302.1708446436917,UNH_19-4
96.68,0.0,0,0,0,0,0.0,1302.1708446436917,UNH_25-1
96.68,0.0,0,0,0,0,0.0,1302.1708446436917,UNH_27-15
96.68,0.0,0,0,0,0,0.0,1302.1708446436917,UNH_29-5
96.68,0.0,0,0,0,0,0.0,1302.1708446436917,UNH_30-0
96.68,0.0,0,0,0,0,0.0,1302.1708446436917,UNH_23-9
96.68,0.0,0,0,0,0,0.0,1302.1708446436917,UNH_25-26
96.68,0.0,0,0,0,0,0.0,1302.1708446436917,UNH_18-9
96.68,0.0,0,0,0,0,0.0,1302.1708446436917,UNH_24-3
96.68,0.0,0,0,0,0,0.0,1302.1708446436917,UNH_26-21
96.68,0.0,0,0,0,0,0.0,1302.1708446436917,UNH_31-20
96.68,0.0,0,0,0,0,0.0,1302.1708446436917,UNH_30-25
96.68,0.0,0,0,0,0,0.0,1302.1708446436917,UNH_22-14
96.68,0.0,0,0,0,0,0.0,1302.1708446436917,UNH_32-15
96.68,0.0,0,0,0,0,0.0,1302.1708446436917,UNH_28-11
96.68,0.0,0,0,0,0,0.0,1302.1708446436917,UNH_24-29
96.68,0.0,0,0,0,0,0.0,1302.1708446436917,UNH_25-2
96.68,0.0,0,0,0,0,0.0,1302.1708446436917,UNH_29-6
96.68,0.0,0,0,0,0,0.0,1302.1708446436917,UNH_25-27
96.68,0.0,0,0,0,0,0.0,1302.1708446436917,UNH_27-16
96.68,0.0,0,0,0,0,0.0,1302.1708446436917,UNH_30-1
96.68,0.0,0,0,0,0,0.0,1302.1708446436917,UNH_26-22
96.68,0.0,0,0,0,0,0.0,1302.1708446436917,UNH_34-5
96.68,0.0,0,0,0,0,0.0,1302.1708446436917,UNH_24-4
96.68,0.0,0,0,0,0,0.0,1302.1708446436917,UNH_33-10
96.68,0.0,0,0,0,0,0.0,1302.1708446436917,UNH_28-12
96.68,0.0,0,0,0,0,0.0,1302.1708446436917,UNH_30-26
96.68,0.0,0,0,0,0,0.0,1302.1708446436917,UNH_31-21
96.68,0.0,0,0,0,0,0.0,1302.1708446436917,UNH_35-25
96.68,0.0,0,0,0,0,0.0,1302.1708446436917,UNH_32-16
96.68,0.0,0,0,0,0,0.0,1302.1708446436917,UNH_35-0
96.68,0.0,0,0,0,0,0.0,1302.1708446436917,UNH_25-28
96.68,0.0,0,0,0,0,0.0,1302.1708446436917,UNH_27-17
96.68,0.0,0,0,0,0,0.0,1302.1708446436917,UNH_25-3
96.68,0.0,0,0,0,0,0.0,1302.1708446436917,UNH_26-23
96.68,0.0,0,0,0,0,0.0,1302.1708446436917,UNH_34-6
96.68,0.0,0,0,0,0,0.0,1302.1708446436917,UNH_30-2
96.68,0.0,0,0,0,0,0.0,1302.1708446436917,UNH_33-11
96.68,0.0,0,0,0,0,0.0,1302.1708446436917,UNH_36-20
96.68,0.0,0,0,0,0,0.0,1302.1708446436917,UNH_29-7
96.68,0.0,0,0,0,0,0.0,1302.1708446436917,UNH_30-27
96.68,0.0,0,0,0,0,0.0,1302.1708446436917,UNH_28-13
96.68,0.0,0,0,0,0,0.0,1302.1708446436917,UNH_25-29
96.68,0.0,0,0,0,0,0.0,1302.1708446436917,UNH_31-22
96.68,0.0,0,0,0,0,0.0,1302.1708446436917,UNH_32-17
96.68,0.0,0,0,0,0,0.0,1302.1708446436917,UNH_27-18
96.68,0.0,0,0,0,0,0.0,1302.1708446436917,UNH_35-1
96.68,0.0,0,0,0,0,0.0,1302.1708446436917,UNH_25-4
96.68,0.0,0,0,0,0,0.0,1302.1708446436917,UNH_35-26
96.68,0.0,0,0,0,0,0.0,1302.1708446436917,UNH_34-7
96.68,0.0,0,0,0,0,0.0,1302.1708446436917,UNH_30-3
96.68,0.0,0,0,0,0,0.0,1302.1708446436917,UNH_33-12
96.68,0.0,0,0,0,0,0.0,1302.1708446436917,UNH_26-24
96.68,0.0,0,0,0,0,0.0,1302.1708446436917,UNH_36-21
96.68,0.0,0,0,0,0,0.0,1302.1708446436917,UNH_29-8
96.68,0.0,0,0,0,0,0.0,1302.1708446436917,UNH_30-28
96.68,0.0,0,0,0,0,0.0,1302.1708446436917,UNH_35-2
96.68,0.0,0,0,0,0,0.0,1302.1708446436917,UNH_28-14
96.68,0.0,0,0,0,0,0.0,1302.1708446436917,UNH_31-23
96.68,0.0,0,0,0,0,0.0,1302.1708446436917,UNH_32-18
96.68,0.0,0,0,0,0,0.0,1302.1708446436917,UNH_25-5
96.68,0.0,0,0,0,0,0.0,1302.1708446436917,UNH_27-19
96.68,0.0,0,0,0,0,0.0,1302.1708446436917,UNH_35-27
96.68,0.0,0,0,0,0,0.0,1302.1708446436917,UNH_34-8
96.68,0.0,0,0,0,0,0.0,1302.1708446436917,UNH_33-13
96.68,0.0,0,0,0,0,0.0,1302.1708446436917,UNH_30-4
96.68,0.0,0,0,0,0,0.0,1302.1708446436917,UNH_26-0
96.68,0.0,0,0,0,0,0.0,1302.1708446436917,UNH_36-22
96.68,0.0,0,0,0,0,0.0,1302.1708446436917,UNH_28-15
96.68,0.0,0,0,0,0,0.0,1302.1708446436917,UNH_29-9
96.68,0.0,0,0,0,0,0.0,1302.1708446436917,UNH_31-24
96.68,0.0,0,0,0,0,0.0,1302.1708446436917,UNH_35-3
96.68,0.0,0,0,0,0,0.0,1302.1708446436917,UNH_26-25
96.68,0.0,0,0,0,0,0.0,1302.1708446436917,UNH_25-6
96.68,0.0,0,0,0,0,0.0,1302.1708446436917,UNH_32-19
96.68,0.0,0,0,0,0,0.0,1302.1708446436917,UNH_27-20
96.68,0.0,0,0,0,0,0.0,1302.1708446436917,UNH_35-28
96.68,0.0,0,0,0,0,0.0,1302.1708446436917,UNH_34-9
96.68,0.0,0,0,0,0,0.0,1302.1708446436917,UNH_30-29
96.68,0.0,0,0,0,0,0.0,1302.1708446436917,UNH_30-5
96.68,0.0,0,0,0,0,0.0,1302.1708446436917,UNH_33-14
96.68,0.0,0,0,0,0,0.0,1302.1708446436917,UNH_36-23
96.68,0.0,0,0,0,0,0.0,1302.1708446436917,UNH_26-1
96.68,0.0,0,0,0,0,0.0,1302.1708446436917,UNH_28-16
96.68,0.0,0,0,0,0,0.0,1302.1708446436917,UNH_31-25
96.68,0.0,0,0,0,0,0.0,1302.1708446436917,UNH_25-7
96.68,0.0,0,0,0,0,0.0,1302.1708446436917,UNH_35-4
96.68,0.0,0,0,0,0,0.0,1302.1708446436917,UNH_32-20
96.68,0.0,0,0,0,0,0.0,1302.1708446436917,UNH_27-21
96.68,0.0,0,0,0,0,0.0,1302.1708446436917,UNH_34-10
96.68,0.0,0,0,0,0,0.0,1302.1708446436917,UNH_26-26
96.68,0.0,0,0,0,0,0.0,1302.1708446436917,UNH_29-10
96.68,0.0,0,0,0,0,0.0,1302.1708446436917,UNH_30-6
96.68,0.0,0,0,0,0,0.0,1302.1708446436917,UNH_35-29
96.68,0.0,0,0,0,0,0.0,1302.1708446436917,UNH_31-0
96.68,0.0,0,0,0,0,0.0,1302.1708446436917,UNH_33-15
96.68,0.0,0,0,0,0,0.0,1302.1708446436917,UNH_26-2
96.68,0.0,0,0,0,0,0.0,1302.1708446436917,UNH_28-17
96.68,0.0,0,0,0,0,0.0,1302.1708446436917,UNH_35-5
96.68,0.0,0,0,0,0,0.0,1302.1708446436917,UNH_36-24
96.68,0.0,0,0,0,0,0.0,1302.1708446436917,UNH_31-26
96.68,0.0,0,0,0,0,0.0,1302.1708446436917,UNH_25-8
96.68,0.0,0,0,0,0,0.0,1302.1708446436917,UNH_27-22
96.68,0.0,0,0,0,0,0.0,1302.1708446436917,UNH_32-21
96.68,0.0,0,0,0,0,0.0,1302.1708446436917,UNH_34-11
96.68,0.0,0,0,0,0,0.0,1302.1708446436917,UNH_29-11
96.68,0.0,0,0,0,0,0.0,1302.1708446436917,UNH_26-27
96.68,0.0,0,0,0,0,0.0,1302.1708446436917,UNH_36-0
96.68,0.0,0,0,0,0,0.0,1302.1708446436917,UNH_30-7
96.68,0.0,0,0,0,0,0.0,1302.1708446436917,UNH_33-16
96.68,0.0,0,0,0,0,0.0,1302.1708446436917,UNH_31-1
96.68,0.0,0,0,0,0,0.0,1302.1708446436917,UNH_26-3
96.68,0.0,0,0,0,0,0.0,1302.1708446436917,UNH_35-6
96.68,0.0,0,0,0,0,0.0,1302.1708446436917,UNH_27-23
96.68,0.0,0,0,0,0,0.0,1302.1708446436917,UNH_31-27
96.68,0.0,0,0,0,0,0.0,1302.1708446436917,UNH_25-9
96.68,0.0,0,0,0,0,0.0,1302.1708446436917,UNH_28-18
96.68,0.0,0,0,0,0,0.0,1302.1708446436917,UNH_36-25
96.68,0.0,0,0,0,0,0.0,1302.1708446436917,UNH_32-22
96.68,0.0,0,0,0,0,0.0,1302.1708446436917,UNH_34-12
96.68,0.0,0,0,0,0,0.0,1302.1708446436917,UNH_29-12
96.68,0.0,0,0,0,0,0.0,1302.1708446436917,UNH_33-17
96.68,0.0,0,0,0,0,0.0,1302.1708446436917,UNH_36-1
96.68,0.0,0,0,0,0,0.0,1302.1708446436917,UNH_26-28
96.68,0.0,0,0,0,0,0.0,1302.1708446436917,UNH_31-2
96.68,0.0,0,0,0,0,0.0,1302.1708446436917,UNH_35-7
96.68,0.0,0,0,0,0,0.0,1302.1708446436917,UNH_31-28
96.68,0.0,0,0,0,0,0.0,1302.1708446436917,UNH_27-24
96.68,0.0,0,0,0,0,0.0,1302.1708446436917,UNH_30-8
96.68,0.0,0,0,0,0,0.0,1302.1708446436917,UNH_25-10
96.68,0.0,0,0,0,0,0.0,1302.1708446436917,UNH_26-4
96.68,0.0,0,0,0,0,0.0,1302.1708446436917,UNH_32-23
96.68,0.0,0,0,0,0,0.0,1302.1708446436917,UNH_34-13
96.68,0.0,0,0,0,0,0.0,1302.1708446436917,UNH_36-26
96.68,0.0,0,0,0,0,0.0,1302.1708446436917,UNH_29-13
96.68,0.0,0,0,0,0,0.0,1302.1708446436917,UNH_28-19
96.68,0.0,0,0,0,0,0.0,1302.1708446436917,UNH_36-2
96.68,0.0,0,0,0,0,0.0,1302.1708446436917,UNH_26-29
96.68,0.0,0,0,0,0,0.0,1302.1708446436917,UNH_33-18
96.68,0.0,0,0,0,0,0.0,1302.1708446436917,UNH_31-3
96.68,0.0,0,0,0,0,0.0,1302.1708446436917,UNH_27-25
96.68,0.0,0,0,0,0,0.0,1302.1708446436917,UNH_25-11
96.68,0.0,0,0,0,0,0.0,1302.1708446436917,UNH_35-8
96.68,0.0,0,0,0,0,0.0,1302.1708446436917,UNH_30-9
96.68,0.0,0,0,0,0,0.0,1302.1708446436917,UNH_26-5
96.68,0.0,0,0,0,0,0.0,1302.1708446436917,UNH_31-29
96.68,0.0,0,0,0,0,0.0,1302.1708446436917,UNH_32-24
96.68,0.0,0,0,0,0,0.0,1302.1708446436917,UNH_34-14
96.68,0.0,0,0,0,0,0.0,1302.1708446436917,UNH_36-27
96.68,0.0,0,0,0,0,0.0,1302.1708446436917,UNH_29-14
96.68,0.0,0,0,0,0,0.0,1302.1708446436917,UNH_27-0
96.68,0.0,0,0,0,0,0.0,1302.1708446436917,UNH_36-3
96.68,0.0,0,0,0,0,0.0,1302.1708446436917,UNH_33-19
96.68,0.0,0,0,0,0,0.0,1302.1708446436917,UNH_31-4
96.68,0.0,0,0,0,0,0.0,1302.1708446436917,UNH_30-10
96.68,0.0,0,0,0,0,0.0,1302.1708446436917,UNH_28-20
96.68,0.0,0,0,0,0,0.0,1302.1708446436917,UNH_35-9
96.68,0.0,0,0,0,0,0.0,1302.1708446436917,UNH_27-26
96.68,0.0,0,0,0,0,0.0,1302.1708446436917,UNH_25-12
96.68,0.0,0,0,0,0,0.0,1302.1708446436917,UNH_26-6
96.68,0.0,0,0,0,0,0.0,1302.1708446436917,UNH_32-0
96.68,0.0,0,0,0,0,0.0,1302.1708446436917,UNH_34-15
96.68,0.0,0,0,0,0,0.0,1302.1708446436917,UNH_27-1
96.68,0.0,0,0,0,0,0.0,1302.1708446436917,UNH_32-25
96.68,0.0,0,0,0,0,0.0,1302.1708446436917,UNH_36-28
96.68,0.0,0,0,0,0,0.0,1302.1708446436917,UNH_36-4
96.68,0.0,0,0,0,0,0.0,1302.1708446436917,UNH_28-21
96.68,0.0,0,0,0,0,0.0,1302.1708446436917,UNH_33-20
96.68,0.0,0,0,0,0,0.0,1302.1708446436917,UNH_31-5
96.68,0.0,0,0,0,0,0.0,1302.1708446436917,UNH_29-15
96.68,0.0,0,0,0,0,0.0,1302.1708446436917,UNH_25-13
96.68,0.0,0,0,0,0,0.0,1302.1708446436917,UNH_30-11
96.68,0.0,0,0,0,0,0.0,1302.1708446436917,UNH_35-10
96.68,0.0,0,0,0,0,0.0,1302.1708446436917,UNH_27-27
96.68,0.0,0,0,0,0,0.0,1302.1708446436917,UNH_32-1
96.68,0.0,0,0,0,0,0.0,1302.1708446436917,UNH_27-2
96.68,0.0,0,0,0,0,0.0,1302.1708446436917,UNH_32-26
96.68,0.0,0,0,0,0,0.0,1302.1708446436917,UNH_34-16
96.68,0.0,0,0,0,0,0.0,1302.1708446436917,UNH_26-7
96.68,0.0,0,0,0,0,0.0,1302.1708446436917,UNH_28-22
96.68,0.0,0,0,0,0,0.0,1302.1708446436917,UNH_36-29
96.68,0.0,0,0,0,0,0.0,1302.1708446436917,UNH_29-16
96.68,0.0,0,0,0,0,0.0,1302.1708446436917,UNH_31-6
96.68,0.0,0,0,0,0,0.0,1302.1708446436917,UNH_36-5
96.68,0.0,0,0,0,0,0.0,1302.1708446436917,UNH_30-12
96.68,0.0,0,0,0,0,0.0,1302.1708446436917,UNH_33-21
96.68,0.0,0,0,0,0,0.0,1302.1708446436917,UNH_25-14
96.68,0.0,0,0,0,0,0.0,1302.1708446436917,UNH_27-28
96.68,0.0,0,0,0,0,0.0,1302.1708446436917,UNH_35-11
96.68,0.0,0,0,0,0,0.0,1302.1708446436917,UNH_32-27
96.68,0.0,0,0,0,0,0.0,1302.1708446436917,UNH_32-2
96.68,0.0,0,0,0,0,0.0,1302.1708446436917,UNH_27-3
96.68,0.0,0,0,0,0,0.0,1302.1708446436917,UNH_34-17
96.68,0.0,0,0,0,0,0.0,1302.1708446436917,UNH_28-23
96.68,0.0,0,0,0,0,0.0,1302.1708446436917,UNH_29-17
96.68,0.0,0,0,0,0,0.0,1302.1708446436917,UNH_26-8
96.68,0.0,0,0,0,0,0.0,1302.1708446436917,UNH_37-0
96.68,0.0,0,0,0,0,0.0,1302.1708446436917,UNH_36-6
96.68,0.0,0,0,0,0,0.0,1302.1708446436917,UNH_30-13
96.68,0.0,0,0,0,0,0.0,1302.1708446436917,UNH_31-7
96.68,0.0,0,0,0,0,0.0,1302.1708446436917,UNH_27-29
96.68,0.0,0,0,0,0,0.0,1302.1708446436917,UNH_33-22
96.68,0.0,0,0,0,0,0.0,1302.1708446436917,UNH_35-12
96.68,0.0,0,0,0,0,0.0,1302.1708446436917,UNH_32-28
96.68,0.0,0,0,0,0,0.0,1302.1708446436917,UNH_27-4
96.68,0.0,0,0,0,0,0.0,1302.1708446436917,UNH_32-3
96.68,0.0,0,0,0,0,0.0,1302.1708446436917,UNH_34-18
96.68,0.0,0,0,0,0,0.0,1302.1708446436917,UNH_26-9
96.68,0.0,0,0,0,0,0.0,1302.1708446436917,UNH_28-24
96.68,0.0,0,0,0,0,0.0,1302.1708446436917,UNH_29-18
96.68,0.0,0,0,0,0,0.0,1302.1708446436917,UNH_37-1
96.68,0.0,0,0,0,0,0.0,1302.1708446436917,UNH_36-7
96.68,0.0,0,0,0,0,0.0,1302.1708446436917,UNH_28-0
96.68,0.0,0,0,0,0,0.0,1302.1708446436917,UNH_30-14
96.68,0.0,0,0,0,0,0.0,1302.1708446436917,UNH_31-8
96.68,0.0,0,0,0,0,0.0,1302.1708446436917,UNH_25-15
96.68,0.0,0,0,0,0,0.0,1302.1708446436917,UNH_35-13
96.68,0.0,0,0,0,0,0.0,1302.1708446436917,UNH_32-29
96.68,0.0,0,0,0,0,0.0,1302.1708446436917,UNH_34-19
96.68,0.0,0,0,0,0,0.0,1302.1708446436917,UNH_29-19
96.68,0.0,0,0,0,0,0.0,1302.1708446436917,UNH_32-4
96.68,0.0,0,0,0,0,0.0,1302.1708446436917,UNH_27-5
96.68,0.0,0,0,0,0,0.0,1302.1708446436917,UNH_26-10
96.68,0.0,0,0,0,0,0.0,1302.1708446436917,UNH_33-23
96.68,0.0,0,0,0,0,0.0,1302.1708446436917,UNH_37-2
96.68,0.0,0,0,0,0,0.0,1302.1708446436917,UNH_28-25
96.68,0.0,0,0,0,0,0.0,1302.1708446436917,UNH_31-9
96.68,0.0,0,0,0,0,0.0,1302.1708446436917,UNH_28-1
96.68,0.0,0,0,0,0,0.0,1302.1708446436917,UNH_30-15
96.68,0.0,0,0,0,0,0.0,1302.1708446436917,UNH_36-8
96.68,0.0,0,0,0,0,0.0,1302.1708446436917,UNH_35-14
96.68,0.0,0,0,0,0,0.0,1302.1708446436917,UNH_33-0
96.68,0.0,0,0,0,0,0.0,1302.1708446436917,UNH_25-16
96.68,0.0,0,0,0,0,0.0,1302.1708446436917,UNH_29-20
96.68,0.0,0,0,0,0,0.0,1302.1708446436917,UNH_34-20
96.68,0.0,0,0,0,0,0.0,1302.1708446436917,UNH_32-5
96.68,0.0,0,0,0,0,0.0,1302.1708446436917,UNH_27-6
96.68,0.0,0,0,0,0,0.0,1302.1708446436917,UNH_26-11
96.68,0.0,0,0,0,0,0.0,1302.1708446436917,UNH_33-24
96.68,0.0,0,0,0,0,0.0,1302.1708446436917,UNH_28-2
96.68,0.0,0,0,0,0,0.0,1302.1708446436917,UNH_28-26
96.68,0.0,0,0,0,0,0.0,1302.1708446436917,UNH_31-10
96.68,0.0,0,0,0,0,0.0,1302.1708446436917,UNH_36-9
96.68,0.0,0,0,0,0,0.0,1302.1708446436917,UNH_37-3
96.68,0.0,0,0,0,0,0.0,1302.1708446436917,UNH_29-21
96.68,0.0,0,0,0,0,0.0,1302.1708446436917,UNH_35-15
96.68,0.0,0,0,0,0,0.0,1302.1708446436917,UNH_25-17
96.68,0.0,0,0,0,0,0.0,1302.1708446436917,UNH_34-21
96.68,0.0,0,0,0,0,0.0,1302.1708446436917,UNH_33-1
96.68,0.0,0,0,0,0,0.0,1302.1708446436917,UNH_32-6
96.68,0.0,0,0,0,0,0.0,1302.1708446436917,UNH_26-12
96.68,0.0,0,0,0,0,0.0,1302.1708446436917,UNH_27-7
96.68,0.0,0,0,0,0,0.0,1302.1708446436917,UNH_30-16
96.68,0.0,0,0,0,0,0.0,1302.1708446436917,UNH_28-3
96.68,0.0,0,0,0,0,0.0,1302.1708446436917,UNH_33-25
96.68,0.0,0,0,0,0,0.0,1302.1708446436917,UNH_28-27
96.68,0.0,0,0,0,0,0.0,1302.1708446436917,UNH_37-4
96.68,0.0,0,0,0,0,0.0,1302.1708446436917,UNH_36-10
96.68,0.0,0,0,0,0,0.0,1302.1708446436917,UNH_31-11
96.68,0.0,0,0,0,0,0.0,1302.1708446436917,UNH_29-22
96.68,0.0,0,0,0,0,0.0,1302.1708446436917,UNH_35-16
96.68,0.0,0,0,0,0,0.0,1302.1708446436917,UNH_33-2
96.68,0.0,0,0,0,0,0.0,1302.1708446436917,UNH_34-22
96.68,0.0,0,0,0,0,0.0,1302.1708446436917,UNH_32-7
96.68,0.0,0,0,0,0,0.0,1302.1708446436917,UNH_26-13
96.68,0.0,0,0,0,0,0.0,1302.1708446436917,UNH_27-8
96.68,0.0,0,0,0,0,0.0,1302.1708446436917,UNH_33-26
96.68,0.0,0,0,0,0,0.0,1302.1708446436917,UNH_30-17
96.68,0.0,0,0,0,0,0.0,1302.1708446436917,UNH_28-28
96.68,0.0,0,0,0,0,0.0,1302.1708446436917,UNH_28-4
96.68,0.0,0,0,0,0,0.0,1302.1708446436917,UNH_37-5
96.68,0.0,0,0,0,0,0.0,1302.1708446436917,UNH_31-12
96.68,0.0,0,0,0,0,0.0,1302.1708446436917,UNH_36-11
96.68,0.0,0,0,0,0,0.0,1302.1708446436917,UNH_25-18
96.68,0.0,0,0,0,0,0.0,1302.1708446436917,UNH_29-23
96.68,0.0,0,0,0,0,0.0,1302.1708446436917,UNH_35-17
96.68,0.0,0,0,0,0,0.0,1302.1708446436917,UNH_34-23
96.68,0.0,0,0,0,0,0.0,1302.1708446436917,UNH_33-3
96.68,0.0,0,0,0,0,0.0,1302.1708446436917,UNH_27-9
96.68,0.0,0,0,0,0,0.0,1302.1708446436917,UNH_32-8
96.68,0.0,0,0,0,0,0.0,1302.1708446436917,UNH_33-27
96.68,0.0,0,0,0,0,0.0,1302.1708446436917,UNH_26-14
96.68,0.0,0,0,0,0,0.0,1302.1708446436917,UNH_30-18
96.68,0.0,0,0,0,0,0.0,1302.1708446436917,UNH_36-12
96.68,0.0,0,0,0,0,0.0,1302.1708446436917,UNH_37-6
96.68,0.0,0,0,0,0,0.0,1302.1708446436917,UNH_28-5
96.68,0.0,0,0,0,0,0.0,1302.1708446436917,UNH_31-13
96.68,0.0,0,0,0,0,0.0,1302.1708446436917,UNH_28-29
96.68,0.0,0,0,0,0,0.0,1302.1708446436917,UNH_29-24
96.68,0.0,0,0,0,0,0.0,1302.1708446436917,UNH_35-18
96.68,0.0,0,0,0,0,0.0,1302.1708446436917,UNH_34-24
96.68,0.0,0,0,0,0,0.0,1302.1708446436917,UNH_25-19
96.68,0.0,0,0,0,0,0.0,1302.1708446436917,UNH_33-4
96.68,0.0,0,0,0,0,0.0,1302.1708446436917,UNH_33-28
96.68,0.0,0,0,0,0,0.0,1302.1708446436917,UNH_27-10
96.68,0.0,0,0,0,0,0.0,1302.1708446436917,UNH_30-19
96.68,0.0,0,0,0,0,0.0,1302.1708446436917,UNH_32-9
96.68,0.0,0,0,0,0,0.0,1302.1708446436917,UNH_31-14
96.68,0.0,0,0,0,0,0.0,1302.1708446436917,UNH_26-15
96.68,0.0,0,0,0,0,0.0,1302.1708446436917,UNH_37-7
96.68,0.0,0,0,0,0,0.0,1302.1708446436917,UNH_28-6
96.68,0.0,0,0,0,0,0.0,1302.1708446436917,UNH_36-13
96.68,0.0,0,0,0,0,0.0,1302.1708446436917,UNH_29-0
96.68,0.0,0,0,0,0,0.0,1302.1708446436917,UNH_34-25
96.68,0.0,0,0,0,0,0.0,1302.1708446436917,UNH_35-19
96.68,0.0,0,0,0,0,0.0,1302.1708446436917,UNH_25-20
96.68,0.0,0,0,0,0,0.0,1302.1708446436917,UNH_33-29
96.68,0.0,0,0,0,0,0.0,1302.1708446436917,UNH_27-11
96.68,0.0,0,0,0,0,0.0,1302.1708446436917,UNH_33-5
96.68,0.0,0,0,0,0,0.0,1302.1708446436917,UNH_30-20
96.68,0.0,0,0,0,0,0.0,1302.1708446436917,UNH_32-10
96.68,0.0,0,0,0,0,0.0,1302.1708446436917,UNH_26-16
96.68,0.0,0,0,0,0,0.0,1302.1708446436917,UNH_29-25
96.68,0.0,0,0,0,0,0.0,1302.1708446436917,UNH_37-8
96.68,0.0,0,0,0,0,0.0,1302.1708446436917,UNH_28-7
96.68,0.0,0,0,0,0,0.0,1302.1708446436917,UNH_31-15
96.68,0.0,0,0,0,0,0.0,1302.1708446436917,UNH_36-14
96.68,0.0,0,0,0,0,0.0,1302.1708446436917,UNH_29-1
96.68,0.0,0,0,0,0,0.0,1302.1708446436917,UNH_34-26
96.68,0.0,0,0,0,0,0.0,1302.1708446436917,UNH_33-6
96.68,0.0,0,0,0,0,0.0,1302.1708446436917,UNH_35-20
96.68,0.0,0,0,0,0,0.0,1302.1708446436917,UNH_25-21
96.68,0.0,0,0,0,0,0.0,1302.1708446436917,UNH_30-21
96.68,0.0,0,0,0,0,0.0,1302.1708446436917,UNH_32-11
96.68,0.0,0,0,0,0,0.0,1302.1708446436917,UNH_34-0
96.68,0.0,0,0,0,0,0.0,1302.1708446436917,UNH_27-12
96.68,0.0,0,0,0,0,0.0,1302.1708446436917,UNH_29-26
96.68,0.0,0,0,0,0,0.0,1302.1708446436917,UNH_26-17
96.68,0.0,0,0,0,0,0.0,1302.1708446436917,UNH_37-9
96.68,0.0,0,0,0,0,0.0,1302.1708446436917,UNH_28-8
96.68,0.0,0,0,0,0,0.0,1302.1708446436917,UNH_31-16
96.68,0.0,0,0,0,0,0.0,1302.1708446436917,UNH_29-2
96.68,0.0,0,0,0,0,0.0,1302.1708446436917,UNH_36-15
96.68,0.0,0,0,0,0,0.0,1302.1708446436917,UNH_25-22
96.68,0.0,0,0,0,0,0.0,1302.1708446436917,UNH_33-7
96.68,0.0,0,0,0,0,0.0,1302.1708446436917,UNH_32-12
96.68,0.0,0,0,0,0,0.0,1302.1708446436917,UNH_34-27
96.68,0.0,0,0,0,0,0.0,1302.1708446436917,UNH_35-21
96.68,0.0,0,0,0,0,0.0,1302.1708446436917,UNH_29-27
96.68,0.0,0,0,0,0,0.0,1302.1708446436917,UNH_30-22
96.68,0.0,0,0,0,0,0.0,1302.1708446436917,UNH_27-13
96.68,0.0,0,0,0,0,0.0,1302.1708446436917,UNH_37-10
96.68,0.0,0,0,0,0,0.0,1302.1708446436917,UNH_26-18
96.68,0.0,0,0,0,0,0.0,1302.1708446436917,UNH_31-17
96.68,0.0,0,0,0,0,0.0,1302.1708446436917,UNH_34-1
96.68,0.0,0,0,0,0,0.0,1302.1708446436917,UNH_28-9
96.68,0.0,0,0,0,0,0.0,1302.1708446436917,UNH_25-23
96.68,0.0,0,0,0,0,0.0,1302.1708446436917,UNH_29-3
96.68,0.0,0,0,0,0,0.0,1302.1708446436917,UNH_36-16
96.68,0.0,0,0,0,0,0.0,1302.1708446436917,UNH_34-28
96.68,0.0,0,0,0,0,0.0,1302.1708446436917,UNH_33-8
96.68,0.0,0,0,0,0,0.0,1302.1708446436917,UNH_29-28
96.68,0.0,0,0,0,0,0.0,1302.1708446436917,UNH_30-23
96.68,0.0,0,0,0,0,0.0,1302.1708446436917,UNH_27-14
96.68,0.0,0,0,0,0,0.0,1302.1708446436917,UNH_32-13
96.68,0.0,0,0,0,0,0.0,1302.1708446436917,UNH_35-22
96.68,0.0,0,0,0,0,0.0,1302.1708446436917,UNH_37-11
96.68,0.0,0,0,0,0,0.0,1302.1708446436917,UNH_26-19
96.68,0.0,0,0,0,0,0.0,1302.1708446436917,UNH_31-18
96.68,0.0,0,0,0,0,0.0,1302.1708446436917,UNH_37-15
96.68,0.0,0,0,0,0,0.0,1302.1708446436917,UNH_25-24
96.68,0.0,0,0,0,0,0.0,1302.1708446436917,UNH_29-4
96.68,0.0,0,0,0,0,0.0,1302.1708446436917,UNH_34-2
96.68,0.0,0,0,0,0,0.0,1302.1708446436917,UNH_33-9
96.68,0.0,0,0,0,0,0.0,1302.1708446436917,UNH_34-29
96.68,0.0,0,0,0,0,0.0,1302.1708446436917,UNH_29-29
96.68,0.0,0,0,0,0,0.0,1302.1708446436917,UNH_38-10
96.68,0.0,0,0,0,0,0.0,1302.1708446436917,UNH_36-17
96.68,0.0,0,0,0,0,0.0,1302.1708446436917,UNH_30-24
96.68,0.0,0,0,0,0,0.0,1302.1708446436917,UNH_32-14
96.68,0.0,0,0,0,0,0.0,1302.1708446436917,UNH_35-23
96.68,0.0,0,0,0,0,0.0,1302.1708446436917,UNH_37-12
96.68,0.0,0,0,0,0,0.0,1302.1708446436917,UNH_31-19
96.68,0.0,0,0,0,0,0.0,1302.1708446436917,UNH_39-5
96.68,0.0,0,0,0,0,0.0,1302.1708446436917,UNH_37-16
96.68,0.0,0,0,0,0,0.0,1302.1708446436917,UNH_34-3
96.68,0.0,0,0,0,0,0.0,1302.1708446436917,UNH_40-25
96.68,0.0,0,0,0,0,0.0,1302.1708446436917,UNH_40-0
96.68,0.0,0,0,0,0,0.0,1302.1708446436917,UNH_42-15
96.68,0.0,0,0,0,0,0.0,1302.1708446436917,UNH_41-20
96.68,0.0,0,0,0,0,0.0,1302.1708446436917,UNH_36-18
96.68,0.0,0,0,0,0,0.0,1302.1708446436917,UNH_43-10
96.68,0.0,0,0,0,0,0.0,1302.1708446436917,UNH_44-5
96.68,0.0,0,0,0,0,0.0,1302.1708446436917,UNH_35-24
96.68,0.0,0,0,0,0,0.0,1302.1708446436917,UNH_38-11
96.68,0.0,0,0,0,0,0.0,1302.1708446436917,UNH_45-0
96.68,0.0,0,0,0,0,0.0,1302.1708446436917,UNH_45-25
96.68,0.0,0,0,0,0,0.0,1302.1708446436917,UNH_37-13
96.68,0.0,0,0,0,0,0.0,1302.1708446436917,UNH_37-17
96.68,0.0,0,0,0,0,0.0,1302.1708446436917,UNH_34-4
96.68,0.0,0,0,0,0,0.0,1302.1708446436917,UNH_39-6
96.68,0.0,0,0,0,0,0.0,1302.1708446436917,UNH_40-26
96.68,0.0,0,0,0,0,0.0,1302.1708446436917,UNH_42-16
96.68,0.0,0,0,0,0,0.0,1302.1708446436917,UNH_41-21
96.68,0.0,0,0,0,0,0.0,1302.1708446436917,UNH_40-1
96.68,0.0,0,0,0,0,0.0,1302.1708446436917,UNH_36-19
96.68,0.0,0,0,0,0,0.0,1302.1708446436917,UNH_43-11
96.68,0.0,0,0,0,0,0.0,1302.1708446436917,UNH_44-6
96.68,0.0,0,0,0,0,0.0,1302.1708446436917,UNH_38-12
96.68,0.0,0,0,0,0,0.0,1302.1708446436917,UNH_46-20
96.68,0.0,0,0,0,0,0.0,1302.1708446436917,UNH_45-26
96.68,0.0,0,0,0,0,0.0,1302.1708446436917,UNH_45-1
96.68,0.0,0,0,0,0,0.0,1302.1708446436917,UNH_37-14
96.68,0.0,0,0,0,0,0.0,1302.1708446436917,UNH_37-18
96.68,0.0,0,0,0,0,0.0,1302.1708446436917,UNH_47-15
96.68,0.0,0,0,0,0,0.0,1302.1708446436917,UNH_39-7
96.68,0.0,0,0,0,0,0.0,1302.1708446436917,UNH_40-27
96.68,0.0,0,0,0,0,0.0,1302.1708446436917,UNH_40-2
96.68,0.0,0,0,0,0,0.0,1302.1708446436917,UNH_41-22
96.68,0.0,0,0,0,0,0.0,1302.1708446436917,UNH_42-17
96.68,0.0,0,0,0,0,0.0,1302.1708446436917,UNH_44-7
96.68,0.0,0,0,0,0,0.0,1302.1708446436917,UNH_48-10
96.68,0.0,0,0,0,0,0.0,1302.1708446436917,UNH_38-13
96.68,0.0,0,0,0,0,0.0,1302.1708446436917,UNH_43-12
96.68,0.0,0,0,0,0,0.0,1302.1708446436917,UNH_49-5
96.68,0.0,0,0,0,0,0.0,1302.1708446436917,UNH_37-19
96.68,0.0,0,0,0,0,0.0,1302.1708446436917,UNH_45-27
96.68,0.0,0,0,0,0,0.0,1302.1708446436917,UNH_46-21
96.68,0.0,0,0,0,0,0.0,1302.1708446436917,UNH_45-2
96.68,0.0,0,0,0,0,0.0,1302.1708446436917,UNH_47-16
96.68,0.0,0,0,0,0,0.0,1302.1708446436917,UNH_39-8
96.68,0.0,0,0,0,0,0.0,1302.1708446436917,UNH_40-28
96.68,0.0,0,0,0,0,0.0,1302.1708446436917,UNH_40-3
96.68,0.0,0,0,0,0,0.0,1302.1708446436917,UNH_41-23
96.68,0.0,0,0,0,0,0.0,1302.1708446436917,UNH_44-8
96.68,0.0,0,0,0,0,0.0,1302.1708446436917,UNH_48-11
96.68,0.0,0,0,0,0,0.0,1302.1708446436917,UNH_38-14
96.68,0.0,0,0,0,0,0.0,1302.1708446436917,UNH_42-18
96.68,0.0,0,0,0,0,0.0,1302.1708446436917,UNH_49-6
96.68,0.0,0,0,0,0,0.0,1302.1708446436917,UNH_45-28
96.68,0.0,0,0,0,0,0.0,1302.1708446436917,UNH_37-20
96.68,0.0,0,0,0,0,0.0,1302.1708446436917,UNH_43-13
96.68,0.0,0,0,0,0,0.0,1302.1708446436917,UNH_46-22
96.68,0.0,0,0,0,0,0.0,1302.1708446436917,UNH_45-3
96.68,0.0,0,0,0,0,0.0,1302.1708446436917,UNH_40-4
96.68,0.0,0,0,0,0,0.0,1302.1708446436917,UNH_40-29
96.68,0.0,0,0,0,0,0.0,1302.1708446436917,UNH_39-9
96.68,0.0,0,0,0,0,0.0,1302.1708446436917,UNH_48-12
96.68,0.0,0,0,0,0,0.0,1302.1708446436917,UNH_41-24
96.68,0.0,0,0,0,0,0.0,1302.1708446436917,UNH_42-19
96.68,0.0,0,0,0,0,0.0,1302.1708446436917,UNH_44-9
96.68,0.0,0,0,0,0,0.0,1302.1708446436917,UNH_47-17
96.68,0.0,0,0,0,0,0.0,1302.1708446436917,UNH_38-15
96.68,0.0,0,0,0,0,0.0,1302.1708446436917,UNH_49-7
96.68,0.0,0,0,0,0,0.0,1302.1708446436917,UNH_46-23
96.68,0.0,0,0,0,0,0.0,1302.1708446436917,UNH_37-21
96.68,0.0,0,0,0,0,0.0,1302.1708446436917,UNH_45-29
96.68,0.0,0,0,0,0,0.0,1302.1708446436917,UNH_45-4
96.68,0.0,0,0,0,0,0.0,1302.1708446436917,UNH_43-14
96.68,0.0,0,0,0,0,0.0,1302.1708446436917,UNH_48-13
96.68,0.0,0,0,0,0,0.0,1302.1708446436917,UNH_40-5
96.68,0.0,0,0,0,0,0.0,1302.1708446436917,UNH_39-10
96.68,0.0,0,0,0,0,0.0,1302.1708446436917,UNH_41-0
96.68,0.0,0,0,0,0,0.0,1302.1708446436917,UNH_41-25
96.68,0.0,0,0,0,0,0.0,1302.1708446436917,UNH_44-10
96.68,0.0,0,0,0,0,0.0,1302.1708446436917,UNH_47-18
96.68,0.0,0,0,0,0,0.0,1302.1708446436917,UNH_38-16
96.68,0.0,0,0,0,0,0.0,1302.1708446436917,UNH_42-20
96.68,0.0,0,0,0,0,0.0,1302.1708446436917,UNH_37-22
96.68,0.0,0,0,0,0,0.0,1302.1708446436917,UNH_46-24
96.68,0.0,0,0,0,0,0.0,1302.1708446436917,UNH_43-15
96.68,0.0,0,0,0,0,0.0,1302.1708446436917,UNH_45-5
96.68,0.0,0,0,0,0,0.0,1302.1708446436917,UNH_46-0
96.68,0.0,0,0,0,0,0.0,1302.1708446436917,UNH_39-11
96.68,0.0,0,0,0,0,0.0,1302.1708446436917,UNH_40-6
96.68,0.0,0,0,0,0,0.0,1302.1708446436917,UNH_49-8
96.68,0.0,0,0,0,0,0.0,1302.1708446436917,UNH_41-1
96.68,0.0,0,0,0,0,0.0,1302.1708446436917,UNH_41-26
96.68,0.0,0,0,0,0,0.0,1302.1708446436917,UNH_48-14
96.68,0.0,0,0,0,0,0.0,1302.1708446436917,UNH_38-17
96.68,0.0,0,0,0,0,0.0,1302.1708446436917,UNH_47-19
96.68,0.0,0,0,0,0,0.0,1302.1708446436917,UNH_44-11
96.68,0.0,0,0,0,0,0.0,1302.1708446436917,UNH_42-21
96.68,0.0,0,0,0,0,0.0,1302.1708446436917,UNH_37-23
96.68,0.0,0,0,0,0,0.0,1302.1708446436917,UNH_43-16
96.68,0.0,0,0,0,0,0.0,1302.1708446436917,UNH_45-6
96.68,0.0,0,0,0,0,0.0,1302.1708446436917,UNH_49-9
96.68,0.0,0,0,0,0,0.0,1302.1708446436917,UNH_46-25
96.68,0.0,0,0,0,0,0.0,1302.1708446436917,UNH_40-7
96.68,0.0,0,0,0,0,0.0,1302.1708446436917,UNH_39-12
96.68,0.0,0,0,0,0,0.0,1302.1708446436917,UNH_46-1
96.68,0.0,0,0,0,0,0.0,1302.1708446436917,UNH_41-27
96.68,0.0,0,0,0,0,0.0,1302.1708446436917,UNH_48-15
96.68,0.0,0,0,0,0,0.0,1302.1708446436917,UNH_38-18
96.68,0.0,0,0,0,0,0.0,1302.1708446436917,UNH_41-2
96.68,0.0,0,0,0,0,0.0,1302.1708446436917,UNH_47-20
96.68,0.0,0,0,0,0,0.0,1302.1708446436917,UNH_42-22
96.68,0.0,0,0,0,0,0.0,1302.1708446436917,UNH_43-17
96.68,0.0,0,0,0,0,0.0,1302.1708446436917,UNH_44-12
96.68,0.0,0,0,0,0,0.0,1302.1708446436917,UNH_45-7
96.68,0.0,0,0,0,0,0.0,1302.1708446436917,UNH_37-24
96.68,0.0,0,0,0,0,0.0,1302.1708446436917,UNH_40-8
96.68,0.0,0,0,0,0,0.0,1302.1708446436917,UNH_49-10
96.68,0.0,0,0,0,0,0.0,1302.1708446436917,UNH_39-13
96.68,0.0,0,0,0,0,0.0,1302.1708446436917,UNH_48-16
96.68,0.0,0,0,0,0,0.0,1302.1708446436917,UNH_46-26
96.68,0.0,0,0,0,0,0.0,1302.1708446436917,UNH_38-19
96.68,0.0,0,0,0,0,0.0,1302.1708446436917,UNH_46-2
96.68,0.0,0,0,0,0,0.0,1302.1708446436917,UNH_47-21
96.68,0.0,0,0,0,0,0.0,1302.1708446436917,UNH_41-3
96.68,0.0,0,0,0,0,0.0,1302.1708446436917,UNH_42-23
96.68,0.0,0,0,0,0,0.0,1302.1708446436917,UNH_41-28
96.68,0.0,0,0,0,0,0.0,1302.1708446436917,UNH_44-13
96.68,0.0,0,0,0,0,0.0,1302.1708446436917,UNH_40-9
96.68,0.0,0,0,0,0,0.0,1302.1708446436917,UNH_37-25
96.68,0.0,0,0,0,0,0.0,1302.1708446436917,UNH_49-11
96.68,0.0,0,0,0,0,0.0,1302.1708446436917,UNH_39-14
96.68,0.0,0,0,0,0,0.0,1302.1708446436917,UNH_45-8
96.68,0.0,0,0,0,0,0.0,1302.1708446436917,UNH_48-17
96.68,0.0,0,0,0,0,0.0,1302.1708446436917,UNH_43-18
96.68,0.0,0,0,0,0,0.0,1302.1708446436917,UNH_38-20
96.68,0.0,0,0,0,0,0.0,1302.1708446436917,UNH_46-27
96.68,0.0,0,0,0,0,0.0,1302.1708446436917,UNH_46-3
96.68,0.0,0,0,0,0,0.0,1302.1708446436917,UNH_47-22
96.68,0.0,0,0,0,0,0.0,1302.1708446436917,UNH_42-24
96.68,0.0,0,0,0,0,0.0,1302.1708446436917,UNH_44-14
96.68,0.0,0,0,0,0,0.0,1302.1708446436917,UNH_37-26
96.68,0.0,0,0,0,0,0.0,1302.1708446436917,UNH_40-10
96.68,0.0,0,0,0,0,0.0,1302.1708446436917,UNH_49-12
96.68,0.0,0,0,0,0,0.0,1302.1708446436917,UNH_39-15
96.68,0.0,0,0,0,0,0.0,1302.1708446436917,UNH_45-9
96.68,0.0,0,0,0,0,0.0,1302.1708446436917,UNH_48-18
96.68,0.0,0,0,0,0,0.0,1302.1708446436917,UNH_41-29
96.68,0.0,0,0,0,0,0.0,1302.1708446436917,UNH_43-19
96.68,0.0,0,0,0,0,0.0,1302.1708446436917,UNH_41-4
96.68,0.0,0,0,0,0,0.0,1302.1708446436917,UNH_38-21
96.68,0.0,0,0,0,0,0.0,1302.1708446436917,UNH_46-28
96.68,0.0,0,0,0,0,0.0,1302.1708446436917,UNH_47-23
96.68,0.0,0,0,0,0,0.0,1302.1708446436917,UNH_46-4
96.68,0.0,0,0,0,0,0.0,1302.1708446436917,UNH_40-11
96.68,0.0,0,0,0,0,0.0,1302.1708446436917,UNH_42-25
96.68,0.0,0,0,0,0,0.0,1302.1708446436917,UNH_49-13
96.68,0.0,0,0,0,0,0.0,1302.1708446436917,UNH_37-27
96.68,0.0,0,0,0,0,0.0,1302.1708446436917,UNH_39-16
96.68,0.0,0,0,0,0,0.0,1302.1708446436917,UNH_44-15
96.68,0.0,0,0,0,0,0.0,1302.1708446436917,UNH_48-19
96.68,0.0,0,0,0,0,0.0,1302.1708446436917,UNH_45-10
96.68,0.0,0,0,0,0,0.0,1302.1708446436917,UNH_42-0
96.68,0.0,0,0,0,0,0.0,1302.1708446436917,UNH_43-20
96.68,0.0,0,0,0,0,0.0,1302.1708446436917,UNH_46-29
96.68,0.0,0,0,0,0,0.0,1302.1708446436917,UNH_38-22
96.68,0.0,0,0,0,0,0.0,1302.1708446436917,UNH_47-24
96.68,0.0,0,0,0,0,0.0,1302.1708446436917,UNH_41-5
96.68,0.0,0,0,0,0,0.0,1302.1708446436917,UNH_40-12
96.68,0.0,0,0,0,0,0.0,1302.1708446436917,UNH_42-26
96.68,0.0,0,0,0,0,0.0,1302.1708446436917,UNH_46-5
96.68,0.0,0,0,0,0,0.0,1302.1708446436917,UNH_39-17
96.68,0.0,0,0,0,0,0.0,1302.1708446436917,UNH_44-16
96.68,0.0,0,0,0,0,0.0,1302.1708446436917,UNH_49-14
96.68,0.0,0,0,0,0,0.0,1302.1708446436917,UNH_37-28
96.68,0.0,0,0,0,0,0.0,1302.1708446436917,UNH_48-20
96.68,0.0,0,0,0,0,0.0,1302.1708446436917,UNH_43-21
96.68,0.0,0,0,0,0,0.0,1302.1708446436917,UNH_45-11
96.68,0.0,0,0,0,0,0.0,1302.1708446436917,UNH_38-23
96.68,0.0,0,0,0,0,0.0,1302.1708446436917,UNH_42-1
96.68,0.0,0,0,0,0,0.0,1302.1708446436917,UNH_40-13
96.68,0.0,0,0,0,0,0.0,1302.1708446436917,UNH_41-6
96.68,0.0,0,0,0,0,0.0,1302.1708446436917,UNH_47-25
96.68,0.0,0,0,0,0,0.0,1302.1708446436917,UNH_42-27
96.68,0.0,0,0,0,0,0.0,1302.1708446436917,UNH_47-0
96.68,0.0,0,0,0,0,0.0,1302.1708446436917,UNH_44-17
96.68,0.0,0,0,0,0,0.0,1302.1708446436917,UNH_37-29
96.68,0.0,0,0,0,0,0.0,1302.1708446436917,UNH_46-6
96.68,0.0,0,0,0,0,0.0,1302.1708446436917,UNH_48-21
96.68,0.0,0,0,0,0,0.0,1302.1708446436917,UNH_43-22
96.68,0.0,0,0,0,0,0.0,1302.1708446436917,UNH_39-18
96.68,0.0,0,0,0,0,0.0,1302.1708446436917,UNH_38-24
96.68,0.0,0,0,0,0,0.0,1302.1708446436917,UNH_45-12
96.68,0.0,0,0,0,0,0.0,1302.1708446436917,UNH_49-15
96.68,0.0,0,0,0,0,0.0,1302.1708446436917,UNH_42-2
96.68,0.0,0,0,0,0,0.0,1302.1708446436917,UNH_40-14
96.68,0.0,0,0,0,0,0.0,1302.1708446436917,UNH_47-26
96.68,0.0,0,0,0,0,0.0,1302.1708446436917,UNH_41-7
96.68,0.0,0,0,0,0,0.0,1302.1708446436917,UNH_44-18
96.68,0.0,0,0,0,0,0.0,1302.1708446436917,UNH_42-28
96.68,0.0,0,0,0,0,0.0,1302.1708446436917,UNH_38-0
96.68,0.0,0,0,0,0,0.0,1302.1708446436917,UNH_47-1
96.68,0.0,0,0,0,0,0.0,1302.1708446436917,UNH_38-25
96.68,0.0,0,0,0,0,0.0,1302.1708446436917,UNH_43-23
96.68,0.0,0,0,0,0,0.0,1302.1708446436917,UNH_46-7
96.68,0.0,0,0,0,0,0.0,1302.1708446436917,UNH_48-22
96.68,0.0,0,0,0,0,0.0,1302.1708446436917,UNH_45-13
96.68,0.0,0,0,0,0,0.0,1302.1708446436917,UNH_39-19
96.68,0.0,0,0,0,0,0.0,1302.1708446436917,UNH_42-3
96.68,0.0,0,0,0,0,0.0,1302.1708446436917,UNH_47-27
96.68,0.0,0,0,0,0,0.0,1302.1708446436917,UNH_49-16
96.68,0.0,0,0,0,0,0.0,1302.1708446436917,UNH_44-19
96.68,0.0,0,0,0,0,0.0,1302.1708446436917,UNH_40-15
96.68,0.0,0,0,0,0,0.0,1302.1708446436917,UNH_38-1
96.68,0.0,0,0,0,0,0.0,1302.1708446436917,UNH_42-29
96.68,0.0,0,0,0,0,0.0,1302.1708446436917,UNH_47-2
96.68,0.0,0,0,0,0,0.0,1302.1708446436917,UNH_41-8
96.68,0.0,0,0,0,0,0.0,1302.1708446436917,UNH_43-24
96.68,0.0,0,0,0,0,0.0,1302.1708446436917,UNH_46-8
96.68,0.0,0,0,0,0,0.0,1302.1708446436917,UNH_48-23
96.68,0.0,0,0,0,0,0.0,1302.1708446436917,UNH_45-14
96.68,0.0,0,0,0,0,0.0,1302.1708446436917,UNH_38-26
96.68,0.0,0,0,0,0,0.0,1302.1708446436917,UNH_39-20
96.68,0.0,0,0,0,0,0.0,1302.1708446436917,UNH_42-4
96.68,0.0,0,0,0,0,0.0,1302.1708446436917,UNH_47-28
96.68,0.0,0,0,0,0,0.0,1302.1708446436917,UNH_40-16
96.68,0.0,0,0,0,0,0.0,1302.1708446436917,UNH_49-17
96.68,0.0,0,0,0,0,0.0,1302.1708446436917,UNH_47-3
96.68,0.0,0,0,0,0,0.0,1302.1708446436917,UNH_38-2
96.68,0.0,0,0,0,0,0.0,1302.1708446436917,UNH_41-9
96.68,0.0,0,0,0,0,0.0,1302.1708446436917,UNH_43-0
96.68,0.0,0,0,0,0,0.0,1302.1708446436917,UNH_46-9
96.68,0.0,0,0,0,0,0.0,1302.1708446436917,UNH_45-15
96.68,0.0,0,0,0,0,0.0,1302.1708446436917,UNH_48-24
96.68,0.0,0,0,0,0,0.0,1302.1708446436917,UNH_43-25
96.68,0.0,0,0,0,0,0.0,1302.1708446436917,UNH_44-20
96.68,0.0,0,0,0,0,0.0,1302.1708446436917,UNH_39-21
96.68,0.0,0,0,0,0,0.0,1302.1708446436917,UNH_38-27
96.68,0.0,0,0,0,0,0.0,1302.1708446436917,UNH_47-29
96.68,0.0,0,0,0,0,0.0,1302.1708446436917,UNH_40-17
96.68,0.0,0,0,0,0,0.0,1302.1708446436917,UNH_42-5
96.68,0.0,0,0,0,0,0.0,1302.1708446436917,UNH_49-18
96.68,0.0,0,0,0,0,0.0,1302.1708446436917,UNH_45-16
96.68,0.0,0,0,0,0,0.0,1302.1708446436917,UNH_47-4
96.68,0.0,0,0,0,0,0.0,1302.1708446436917,UNH_41-10
96.68,0.0,0,0,0,0,0.0,1302.1708446436917,UNH_38-3
96.68,0.0,0,0,0,0,0.0,1302.1708446436917,UNH_46-10
96.68,0.0,0,0,0,0,0.0,1302.1708446436917,UNH_43-26
96.68,0.0,0,0,0,0,0.0,1302.1708446436917,UNH_43-1
96.68,0.0,0,0,0,0,0.0,1302.1708446436917,UNH_48-25
96.68,0.0,0,0,0,0,0.0,1302.1708446436917,UNH_44-21
96.68,0.0,0,0,0,0,0.0,1302.1708446436917,UNH_39-22
96.68,0.0,0,0,0,0,0.0,1302.1708446436917,UNH_48-0
96.68,0.0,0,0,0,0,0.0,1302.1708446436917,UNH_38-28
96.68,0.0,0,0,0,0,0.0,1302.1708446436917,UNH_42-6
96.68,0.0,0,0,0,0,0.0,1302.1708446436917,UNH_40-18
96.68,0.0,0,0,0,0,0.0,1302.1708446436917,UNH_49-19
96.68,0.0,0,0,0,0,0.0,1302.1708446436917,UNH_43-27
96.68,0.0,0,0,0,0,0.0,1302.1708446436917,UNH_45-17
96.68,0.0,0,0,0,0,0.0,1302.1708446436917,UNH_41-11
96.68,0.0,0,0,0,0,0.0,1302.1708446436917,UNH_47-5
96.68,0.0,0,0,0,0,0.0,1302.1708446436917,UNH_46-11
96.68,0.0,0,0,0,0,0.0,1302.1708446436917,UNH_43-2
96.68,0.0,0,0,0,0,0.0,1302.1708446436917,UNH_48-26
96.68,0.0,0,0,0,0,0.0,1302.1708446436917,UNH_38-4
96.68,0.0,0,0,0,0,0.0,1302.1708446436917,UNH_39-23
96.68,0.0,0,0,0,0,0.0,1302.1708446436917,UNH_48-1
96.68,0.0,0,0,0,0,0.0,1302.1708446436917,UNH_38-29
96.68,0.0,0,0,0,0,0.0,1302.1708446436917,UNH_40-19
96.68,0.0,0,0,0,0,0.0,1302.1708446436917,UNH_44-22
96.68,0.0,0,0,0,0,0.0,1302.1708446436917,UNH_45-18
96.68,0.0,0,0,0,0,0.0,1302.1708446436917,UNH_42-7
96.68,0.0,0,0,0,0,0.0,1302.1708446436917,UNH_41-12
96.68,0.0,0,0,0,0,0.0,1302.1708446436917,UNH_47-6
96.68,0.0,0,0,0,0,0.0,1302.1708446436917,UNH_49-20
96.68,0.0,0,0,0,0,0.0,1302.1708446436917,UNH_43-28
96.68,0.0,0,0,0,0,0.0,1302.1708446436917,UNH_46-12
96.68,0.0,0,0,0,0,0.0,1302.1708446436917,UNH_43-3
96.68,0.0,0,0,0,0,0.0,1302.1708446436917,UNH_48-27
96.68,0.0,0,0,0,0,0.0,1302.1708446436917,UNH_40-20
96.68,0.0,0,0,0,0,0.0,1302.1708446436917,UNH_48-2
96.68,0.0,0,0,0,0,0.0,1302.1708446436917,UNH_39-0
96.68,0.0,0,0,0,0,0.0,1302.1708446436917,UNH_39-24
96.68,0.0,0,0,0,0,0.0,1302.1708446436917,UNH_44-23
96.68,0.0,0,0,0,0,0.0,1302.1708446436917,UNH_38-5
96.68,0.0,0,0,0,0,0.0,1302.1708446436917,UNH_42-8
96.68,0.0,0,0,0,0,0.0,1302.1708446436917,UNH_41-13
96.68,0.0,0,0,0,0,0.0,1302.1708446436917,UNH_47-7
96.68,0.0,0,0,0,0,0.0,1302.1708446436917,UNH_49-21
96.68,0.0,0,0,0,0,0.0,1302.1708446436917,UNH_43-29
96.68,0.0,0,0,0,0,0.0,1302.1708446436917,UNH_43-4
96.68,0.0,0,0,0,0,0.0,1302.1708446436917,UNH_45-19
96.68,0.0,0,0,0,0,0.0,1302.1708446436917,UNH_40-21
96.68,0.0,0,0,0,0,0.0,1302.1708446436917,UNH_39-25
96.68,0.0,0,0,0,0,0.0,1302.1708446436917,UNH_39-1
96.68,0.0,0,0,0,0,0.0,1302.1708446436917,UNH_48-28
96.68,0.0,0,0,0,0,0.0,1302.1708446436917,UNH_46-13
96.68,0.0,0,0,0,0,0.0,1302.1708446436917,UNH_48-3
96.68,0.0,0,0,0,0,0.0,1302.1708446436917,UNH_42-9
96.68,0.0,0,0,0,0,0.0,1302.1708446436917,UNH_44-24
96.68,0.0,0,0,0,0,0.0,1302.1708446436917,UNH_47-8
96.68,0.0,0,0,0,0,0.0,1302.1708446436917,UNH_38-6
96.68,0.0,0,0,0,0,0.0,1302.1708446436917,UNH_41-14
96.68,0.0,0,0,0,0,0.0,1302.1708446436917,UNH_49-22
96.68,0.0,0,0,0,0,0.0,1302.1708446436917,UNH_43-5
96.68,0.0,0,0,0,0,0.0,1302.1708446436917,UNH_39-2
96.68,0.0,0,0,0,0,0.0,1302.1708446436917,UNH_40-22
96.68,0.0,0,0,0,0,0.0,1302.1708446436917,UNH_44-0
96.68,0.0,0,0,0,0,0.0,1302.1708446436917,UNH_48-29
96.68,0.0,0,0,0,0,0.0,1302.1708446436917,UNH_45-20
96.68,0.0,0,0,0,0,0.0,1302.1708446436917,UNH_48-4
96.68,0.0,0,0,0,0,0.0,1302.1708446436917,UNH_42-10
96.68,0.0,0,0,0,0,0.0,1302.1708446436917,UNH_39-26
96.68,0.0,0,0,0,0,0.0,1302.1708446436917,UNH_46-14
96.68,0.0,0,0,0,0,0.0,1302.1708446436917,UNH_38-7
96.68,0.0,0,0,0,0,0.0,1302.1708446436917,UNH_44-25
96.68,0.0,0,0,0,0,0.0,1302.1708446436917,UNH_47-9
96.68,0.0,0,0,0,0,0.0,1302.1708446436917,UNH_41-15
96.68,0.0,0,0,0,0,0.0,1302.1708446436917,UNH_43-6
96.68,0.0,0,0,0,0,0.0,1302.1708446436917,UNH_39-3
96.68,0.0,0,0,0,0,0.0,1302.1708446436917,UNH_40-23
96.68,0.0,0,0,0,0,0.0,1302.1708446436917,UNH_49-23
96.68,0.0,0,0,0,0,0.0,1302.1708446436917,UNH_45-21
96.68,0.0,0,0,0,0,0.0,1302.1708446436917,UNH_49-0
96.68,0.0,0,0,0,0,0.0,1302.1708446436917,UNH_42-11
96.68,0.0,0,0,0,0,0.0,1302.1708446436917,UNH_44-1
96.68,0.0,0,0,0,0,0.0,1302.1708446436917,UNH_46-15
96.68,0.0,0,0,0,0,0.0,1302.1708446436917,UNH_38-8
96.68,0.0,0,0,0,0,0.0,1302.1708446436917,UNH_39-27
96.68,0.0,0,0,0,0,0.0,1302.1708446436917,UNH_48-5
96.68,0.0,0,0,0,0,0.0,1302.1708446436917,UNH_47-10
96.68,0.0,0,0,0,0,0.0,1302.1708446436917,UNH_40-24
96.68,0.0,0,0,0,0,0.0,1302.1708446436917,UNH_44-26
96.68,0.0,0,0,0,0,0.0,1302.1708446436917,UNH_39-4
96.68,0.0,0,0,0,0,0.0,1302.1708446436917,UNH_41-16
96.68,0.0,0,0,0,0,0.0,1302.1708446436917,UNH_49-24
96.68,0.0,0,0,0,0,0.0,1302.1708446436917,UNH_43-7
96.68,0.0,0,0,0,0,0.0,1302.1708446436917,UNH_49-1
96.68,0.0,0,0,0,0,0.0,1302.1708446436917,UNH_45-22
96.68,0.0,0,0,0,0,0.0,1302.1708446436917,UNH_42-12
96.68,0.0,0,0,0,0,0.0,1302.1708446436917,UNH_44-2
96.68,0.0,0,0,0,0,0.0,1302.1708446436917,UNH_46-16
96.68,0.0,0,0,0,0,0.0,1302.1708446436917,UNH_38-9
96.68,0.0,0,0,0,0,0.0,1302.1708446436917,UNH_39-28
96.68,0.0,0,0,0,0,0.0,1302.1708446436917,UNH_48-6
96.68,0.0,0,0,0,0,0.0,1302.1708446436917,UNH_47-11
96.68,0.0,0,0,0,0,0.0,1302.1708446436917,UNH_41-17
96.68,0.0,0,0,0,0,0.0,1302.1708446436917,UNH_44-27
96.68,0.0,0,0,0,0,0.0,1302.1708446436917,UNH_49-25
96.68,0.0,0,0,0,0,0.0,1302.1708446436917,UNH_43-8
96.68,0.0,0,0,0,0,0.0,1302.1708446436917,UNH_49-2
96.68,0.0,0,0,0,0,0.0,1302.1708446436917,UNH_45-23
96.68,0.0,0,0,0,0,0.0,1302.1708446436917,UNH_42-13
96.68,0.0,0,0,0,0,0.0,1302.1708446436917,UNH_44-3
96.68,0.0,0,0,0,0,0.0,1302.1708446436917,UNH_46-17
96.68,0.0,0,0,0,0,0.0,1302.1708446436917,UNH_39-29
96.68,0.0,0,0,0,0,0.0,1302.1708446436917,UNH_48-7
96.68,0.0,0,0,0,0,0.0,1302.1708446436917,UNH_47-12
96.68,0.0,0,0,0,0,0.0,1302.1708446436917,UNH_41-18
96.68,0.0,0,0,0,0,0.0,1302.1708446436917,UNH_44-28
96.68,0.0,0,0,0,0,0.0,1302.1708446436917,UNH_49-26
96.68,0.0,0,0,0,0,0.0,1302.1708446436917,UNH_43-9
96.68,0.0,0,0,0,0,0.0,1302.1708446436917,UNH_49-3
96.68,0.0,0,0,0,0,0.0,1302.1708446436917,UNH_45-24
96.68,0.0,0,0,0,0,0.0,1302.1708446436917,UNH_42-14
96.68,0.0,0,0,0,0,0.0,1302.1708446436917,UNH_44-4
96.68,0.0,0,0,0,0,0.0,1302.1708446436917,UNH_46-18
96.68,0.0,0,0,0,0,0.0,1302.1708446436917,UNH_48-8
96.68,0.0,0,0,0,0,0.0,1302.1708446436917,UNH_47-13
96.68,0.0,0,0,0,0,0.0,1302.1708446436917,UNH_41-19
96.68,0.0,0,0,0,0,0.0,1302.1708446436917,UNH_44-29
96.68,0.0,0,0,0,0,0.0,1302.1708446436917,UNH_49-27
96.68,0.0,0,0,0,0,0.0,1302.1708446436917,UNH_49-4
96.68,0.0,0,0,0,0,0.0,1302.1708446436917,UNH_46-19
96.68,0.0,0,0,0,0,0.0,1302.1708446436917,UNH_48-9
96.68,0.0,0,0,0,0,0.0,1302.1708446436917,UNH_47-14
96.68,0.0,0,0,0,0,0.0,1302.1708446436917,UNH_49-28
96.68,0.0,0,0,0,0,0.0,1302.1708446436917,UNH_49-29
